,sci_name,count
1,Withania somnifera,99
2,Catharanthus roseus,85
3,Salvia miltiorrhiza,75
4,Andrographis paniculata,66
5,Artemisia annua,59
6,Hypericum perforatum,57
7,Panax ginseng,52
8,Moringa oleifera,50
9,Aloe vera,48
10,Centella asiatica,47
11,Bacopa monnieri,36
12,Tinospora cordifolia,35
13,Silybum marianum,32
14,Glycyrrhiza uralensis,31
15,Panax notoginseng,31
16,Azadirachta indica,30
17,Nigella sativa,30
18,Stevia rebaudiana,29
19,Dendrobium officinale,28
20,Gymnema sylvestre,28
21,Paris polyphylla,28
22,Echinacea purpurea,27
23,Scutellaria baicalensis,27
24,Glycyrrhiza glabra,24
25,Lonicera japonica,24
26,Calotropis procera,23
27,Melissa officinalis,23
28,Momordica charantia,23
29,Ocimum basilicum,22
30,Clinacanthus nutans,21
31,Salvia officinalis,21
32,Allium cepa,20
33,Ginkgo biloba,20
34,Cannabis sativa,19
35,Plectranthus barbatus,19
36,Rhazya stricta,19
37,Rhodiola rosea,19
38,Tetrastigma hemsleyanum,18
39,Tripterygium wilfordii,18
40,Anethum foeniculum,17
41,Curcuma longa,17
42,Justicia adhatoda,17
43,Morinda citrifolia,17
44,Ocimum tenuiflorum,17
45,Sinopodophyllum hexandrum,17
46,Achillea millefolium,16
47,Lessertia frutescens,16
48,Rehmannia glutinosa,16
49,Trachyspermum ammi,16
50,Angelica sinensis,15
51,Arctium lappa,15
52,Asparagus racemosus,15
53,Cyclocarya paliurus,15
54,Eucommia ulmoides,15
55,Atractylodes lancea,14
56,Pelargonium sidoides,14
57,Phyllanthus emblica,14
58,Schisandra chinensis,14
59,Teucrium polium,14
60,Valeriana jatamansi,14
61,Zanthoxylum armatum,14
62,Zataria multiflora,14
63,Acorus calamus,13
64,Bidens pilosa,13
65,Mitragyna speciosa,13
66,Origanum vulgare,13
67,Oroxylum indicum,13
68,Orthosiphon stamineus,13
69,Perilla frutescens,13
70,Portulaca oleracea,13
71,Prunella vulgaris,13
72,Zingiber officinale,13
73,Artemisia argyi,12
74,Biancaea sappan,12
75,Citrullus colocynthis,12
76,Clitoria ternatea,12
77,Eurycoma longifolia,12
78,Gentiana rigescens,12
79,Gongronemopsis tenacissima,12
80,Gymnanthemum amygdalinum,12
81,Huperzia serrata,12
82,Kaempferia parviflora,12
83,Murraya koenigii,12
84,Myrtus communis,12
85,Pogostemon cablin,12
86,Thymus vulgaris,12
87,Arnica montana,11
88,Astragalus membranaceus,11
89,Boerhavia diffusa,11
90,Chamaenerion angustifolium,11
91,Dracocephalum kotschyi,11
92,Ficus deltoidea,11
93,Gynura procumbens,11
94,Morus alba,11
95,Picrorhiza kurrooa,11
96,Plantago ovata,11
97,Plumbago zeylanica,11
98,Senna alexandrina,11
99,Syzygium cumini,11
100,Tribulus terrestris,11
101,Urtica dioica,11
102,Alstonia scholaris,10
103,Aralia elata,10
104,Capparis spinosa,10
105,Cissus quadrangularis,10
106,Commiphora wightii,10
107,Coptis chinensis,10
108,Lantana camara,10
109,Lawsonia inermis,10
110,Matricaria chamomilla,10
111,Mucuna pruriens,10
112,Nelumbo nucifera,10
113,Peganum harmala,10
114,Pinellia ternata,10
115,Ruta chalepensis,10
116,Swertia chirayita,10
117,Thymus daenensis,10
118,Valeriana officinalis,10
119,Ziziphus jujuba,10
120,Achyrocline satureioides,9
121,Aegle marmelos,9
122,Allium sativum,9
123,Bletilla striata,9
124,Bupleurum chinense,9
125,Calendula officinalis,9
126,Centaurium erythraea,9
127,Chelidonium majus,9
128,Chlorophytum borivilianum,9
129,Codonopsis pilosula,9
130,Coleus amboinicus,9
131,Dioscorea bulbifera,9
132,Eleutherococcus senticosus,9
133,Heracleum persicum,9
134,Isatis tinctoria,9
135,Macleaya cordata,9
136,Ocimum gratissimum,9
137,Panax quinquefolius,9
138,Phyllanthus niruri,9
139,Piper betle,9
140,Platycodon grandiflorus,9
141,Polygonum cuspidatum,9
142,Psidium guajava,9
143,Rauvolfia serpentina,9
144,Ruta graveolens,9
145,Tanacetum parthenium,9
146,Vitex negundo,9
147,Cassia fistula,8
148,Celastrus paniculatus,8
149,Chrysanthemum x morifolium,8
150,Cichorium intybus,8
151,Cullen corylifolium,8
152,Cuminum cyminum,8
153,Echium amoenum,8
154,Eclipta prostrata,8
155,Fallopia multiflora,8
156,Gastrodia elata,8
157,Gloriosa superba,8
158,Guilandina bonduc,8
159,Hippophae rhamnoides,8
160,Kaempferia galanga,8
161,Marrubium vulgare,8
162,Matricaria chamomilla var. recutita,8
163,Mentha x piperita,8
164,Rheum tanguticum,8
165,Rhodiola crenulata,8
166,Ricinus communis,8
167,Rosa canina,8
168,Salvia rosmarinus,8
169,Saraca asoca,8
170,Solanum nigrum,8
171,Vitex agnus-castus,8
172,Aconitum carmichaelii,7
173,Alpinia galanga,7
174,Alpinia zerumbet,7
175,Angelica dahurica,7
176,Artemisia afra,7
177,Blainvillea acmella,7
178,Butea monosperma,7
179,Cajanus cajan,7
180,Coscinium fenestratum,7
181,Crocus sativus,7
182,Cymbopogon citratus,7
183,Datura stramonium,7
184,Dysphania ambrosioides,7
185,Elaeagnus angustifolia,7
186,Epimedium sagittatum,7
187,Erigeron breviscapus,7
188,Hemidesmus indicus,7
189,Houttuynia cordata,7
190,Illicium verum,7
191,Jatropha gossypiifolia,7
192,Kalanchoe pinnata,7
193,Lavandula angustifolia,7
194,Monteverdia ilicifolia,7
195,Nardostachys jatamansi,7
196,Nerium oleander,7
197,Nothapodytes nimmoniana,7
198,Pseudostellaria heterophylla,7
199,Salvadora persica,7
200,Taraxacum officinale,7
201,Withania coagulans,7
202,Zanthoxylum bungeanum,7
203,Abelmoschus manihot,6
204,Abrus precatorius,6
205,Aloe ferox,6
206,Apocynum venetum,6
207,Caralluma europaea,6
208,Casearia sylvestris,6
209,Cistanche deserticola,6
210,Coccinia grandis,6
211,Curculigo orchioides,6
212,Curcuma caesia,6
213,Dioscorea deltoidea,6
214,Dracocephalum moldavica,6
215,Dryopteris fragrans,6
216,Ephedra sinica,6
217,Eschenbachia blinii,6
218,Euphorbia hirta,6
219,Gardenia jasminoides,6
220,Gynochthodes officinalis,6
221,Gynostemma pentaphyllum,6
222,Hancornia speciosa,6
223,Hellenia speciosa,6
224,Hypoxis hemerocallidea,6
225,Lepidium sativum,6
226,Lippia alba,6
227,Lithospermum erythrorhizon,6
228,Lycium chinense,6
229,Mentha spicata,6
230,Nepeta tenuifolia,6
231,Ophiopogon japonicus,6
232,Papaver somniferum,6
233,Penthorum chinense,6
234,Persicaria capitata,6
235,Persicaria tinctoria,6
236,Pfaffia glomerata,6
237,Phaleria macrocarpa,6
238,Phlomoides rotata,6
239,Piper sarmentosum,6
240,Pueraria montana var. lobata,6
241,Rheum palmatum,6
242,Rhododendron groenlandicum,6
243,Rhodomyrtus tomentosa,6
244,Rhus coriaria,6
245,Salvia leriifolia,6
246,Senna auriculata,6
247,Solanum virginianum,6
248,Sophora flavescens,6
249,Stryphnodendron adstringens,6
250,Symphytum officinale,6
251,Tridax procumbens,6
252,Uncaria tomentosa,6
253,Viola odorata,6
254,Vitex trifolia,6
255,Wurfbainia villosa,6
256,Zanthoxylum asiaticum,6
257,Acmella oleracea,5
258,Ajuga bracteosa,5
259,Annona muricata,5
260,Anvillea garcinii,5
261,Aquilaria sinensis,5
262,Areca catechu,5
263,Artemisia absinthium,5
264,Artemisia capillaris,5
265,Asteriscus graveolens,5
266,Atractylodes macrocephala,5
267,Atropa belladonna,5
268,Baccharis trimera,5
269,Bergenia ciliata,5
270,Boesenbergia rotunda,5
271,Boswellia serrata,5
272,Carica papaya,5
273,Celastrus orbiculatus,5
274,Chrysanthemum indicum,5
275,Cinnamomum aromaticum,5
276,Codonopsis lanceolata,5
277,Combretum leprosum,5
278,Curcuma wenyujin,5
279,Curtisia dentata,5
280,Cynara cardunculus var. scolymus,5
281,Datura metel,5
282,Dendrobium huoshanense,5
283,Dittrichia viscosa,5
284,Dodonaea viscosa,5
285,Ducrosia anethifolia,5
286,Echinacea angustifolia,5
287,Embelia ribes,5
288,Ferulago angulata,5
289,Garcinia kola,5
290,Harpagophytum procumbens,5
291,Helichrysum italicum,5
292,Isodon rubescens,5
293,Leea indica,5
294,Leonurus sibiricus,5
295,Ligusticum porteri,5
296,Lippia origanoides,5
297,Lonicera macranthoides,5
298,Mangifera indica,5
299,Melia azedarach,5
300,Merwilla plumbea,5
301,Mesosphaerum suaveolens,5
302,Mesostemma dichotomum,5
303,Oplopanax elatus,5
304,Panax japonicus,5
305,Papaver bracteatum,5
306,Phyllanthus amarus,5
307,Physalis angulata,5
308,Physalis peruviana,5
309,Piper nigrum,5
310,Pistacia lentiscus,5
311,Platycladus orientalis,5
312,Pongamia pinnata,5
313,Potentilla lineata,5
314,Primula veris,5
315,Pueraria candollei,5
316,Punica granatum,5
317,Rhaphiolepis bibas,5
318,Satureja bachtiarica,5
319,Satureja khuzistanica,5
320,Saussurea costus,5
321,Scoparia dulcis,5
322,Scrophularia striata,5
323,Selaginella tamariscina,5
324,Sophora tonkinensis,5
325,Streblus asper,5
326,Tagetes erecta,5
327,Tithonia diversifolia,5
328,Trillium govanianum,5
329,Tropaeolum majus,5
330,Vachellia nilotica,5
331,Vincetoxicum indicum,5
332,Abelmoschus esculentus,4
333,Achyranthes aspera,4
334,Aconitum heterophyllum,4
335,Actaea racemosa,4
336,Adenanthera pavonina,4
337,Aerva javanica,4
338,Alchornea cordifolia,4
339,Alhagi maurorum,4
340,Alkanna tinctoria,4
341,Alpinia oxyphylla,4
342,Althaea officinalis,4
343,Amana edulis,4
344,Anemarrhena asphodeloides,4
345,Angelica glauca,4
346,Antirhea borbonica,4
347,Apium graveolens,4
348,Argemone mexicana,4
349,Artemisia judaica,4
350,Aspalathus linearis,4
351,Astragalus mongholicus,4
352,Astronium urundeuva,4
353,Baccharis dracunculifolia,4
354,Berberis aristata,4
355,Blumea lacera,4
356,Borago officinalis,4
357,Brassica rapa,4
358,Brucea mollis,4
359,Calotropis gigantea,4
360,Camellia sinensis,4
361,Carapichea ipecacuanha,4
362,Carum carvi,4
363,Castilleja tenuiflora,4
364,Cecropia pachystachya,4
365,Citrus medica,4
366,Clerodendrum infortunatum,4
367,Cnidium officinale,4
368,Cnidoscolus aconitifolius,4
369,Cotyledon orbiculata,4
370,Cuscuta reflexa,4
371,Cyanthillium cinereum,4
372,Cynanchum bungei,4
373,Cyperus rotundus,4
374,Dalbergia sissoo,4
375,Dendrobium candidum,4
376,Dianthus superbus,4
377,Digitalis purpurea,4
378,Dioscorea nipponica,4
379,Dioscorea oppositifolia,4
380,Dodonaea polyandra,4
381,Eclipta alba,4
382,Elaeagnus umbellata,4
383,Elephantopus scaber,4
384,Emilia sonchifolia,4
385,Epimedium brevicornu,4
386,Eryngium planum,4
387,Euphorbia tirucalli,4
388,Fagonia indica,4
389,Ferula sinkiangensis,4
390,Ficus carica,4
391,Flueggea virosa,4
392,Forsythia suspensa,4
393,Fridericia chica,4
394,Gentiana lutea,4
395,Glehnia littoralis,4
396,Gynochthodes umbellata,4
397,Hansenia weberbaueriana,4
398,Hedychium coronarium,4
399,Hedychium spicatum,4
400,Hibiscus sabdariffa,4
401,Holarrhena pubescens,4
402,Hydrastis canadensis,4
403,Hyssopus officinalis,4
404,Jatropha curcas,4
405,Justicia gendarussa,4
406,Kigelia africana,4
407,Lallemantia iberica,4
408,Leptadenia reticulata,4
409,Lilium davidii,4
410,Linum album,4
411,Lychnophora ericoides,4
412,Lycium barbarum,4
413,Maclura tricuspidata,4
414,Magnolia officinalis,4
415,Melastoma malabathricum,4
416,Mentha arvensis,4
417,Mentha pulegium,4
418,Mesembryanthemum tortuosum,4
419,Mesosphaerum pectinatum,4
420,Mikania laevigata,4
421,Mirabilis himalaica,4
422,Mondia whitei,4
423,Monoon longifolium,4
424,Neopicrorhiza scrophulariiflora,4
425,Nyctanthes arbor-tristis,4
426,Olea europaea,4
427,Oplopanax horridus,4
428,Origanum majorana,4
429,Orthosiphon aristatus,4
430,Ouret lanata,4
431,Paeonia suffruticosa,4
432,Paramignya trimera,4
433,Passiflora incarnata,4
434,Pedalium murex,4
435,Pelargonium graveolens,4
436,Pentanema britannicum,4
437,Persea americana,4
438,Peumus boldus,4
439,Phellodendron amurense,4
440,Phyllanthus fraternus,4
441,Plantago lanceolata,4
442,Pleurolobus gangeticus,4
443,Polygonatum odoratum,4
444,Pterocarpus santalinus,4
445,Pterodon emarginatus,4
446,Rauvolfia tetraphylla,4
447,Rheum australe,4
448,Rosa x damascena,4
449,Rubia cordifolia,4
450,Salvia fruticosa,4
451,Sambucus nigra,4
452,Sarcandra glabra,4
453,Saussurea involucrata,4
454,Schinus molle,4
455,Senna alata,4
456,Senna obtusifolia,4
457,Solanum lycopersicum,4
458,Solanum trilobatum,4
459,Sonchus oleraceus,4
460,Sorbus commixta,4
461,Stephanotis volubilis,4
462,Tabernaemontana divaricata,4
463,Tagetes lucida,4
464,Taraxacum mongolicum,4
465,Taxus chinensis,4
466,Thunbergia laurifolia,4
467,Toona sinensis,4
468,Turnera diffusa,4
469,Ulmus wallichiana,4
470,Veratrum nigrum,4
471,Vinca minor,4
472,Waltheria indica,4
473,Warburgia salutaris,4
474,Woodfordia fruticosa,4
475,Wrightia tinctoria,4
476,Xanthium strumarium,4
477,Ziziphora clinopodioides,4
478,Ziziphora tenuior,4
479,NA,4
480,Abutilon indicum,3
481,Acalypha indica,3
482,Acanthus ilicifolius,3
483,Achillea fragrantissima,3
484,Achyranthes bidentata,3
485,Actinidia macrosperma,3
486,Adenium obesum,3
487,Agastache rugosa,3
488,Agrimonia eupatoria,3
489,Akebia trifoliata,3
490,Alkekengi officinarum,3
491,Alpinia officinarum,3
492,Alternanthera sessilis,3
493,Ammi majus,3
494,Anacyclus pyrethrum,3
495,Anadenanthera colubrina,3
496,Annona squamosa,3
497,Anoectochilus roxburghii,3
498,Anredera cordifolia,3
499,Ardisia gigantifolia,3
500,Arnebia euchroma,3
501,Artemisia campestris,3
502,Artemisia rupestris,3
503,Asparagus cochinchinensis,3
504,Asparagus officinalis,3
505,Atractylodes chinensis,3
506,Baccharoides anthelmintica,3
507,Berberis lycium,3
508,Berberis vulgaris,3
509,Bistorta amplexicaulis,3
510,Brucea javanica,3
511,Canavalia gladiata,3
512,Cardiospermum halicacabum,3
513,Carpesium abrotanoides,3
514,Carpobrotus edulis,3
515,Carthamus tinctorius,3
516,Caryopteris mongholica,3
517,Cerbera manghas,3
518,Chamaemelum nobile,3
519,Chimonanthus salicifolius,3
520,Chonemorpha fragrans,3
521,Chrysobalanus icaco,3
522,Chrysopogon zizanioides,3
523,Cinnamomum verum,3
524,Cissampelos pareira,3
525,Citrus aurantium,3
526,Citrus maxima,3
527,Citrus trifoliata,3
528,Clausena excavata,3
529,Cleome amblyocarpa,3
530,Clinopodium macrostemum,3
531,Cnidoscolus quercifolius,3
532,Colchicum luteum,3
533,Colebrookea oppositifolia,3
534,Combretum indicum,3
535,Cordia verbenacea,3
536,Cornus mas,3
537,Cornus officinalis,3
538,Corynandra viscosa,3
539,Cosmos caudatus,3
540,Crepidiastrum denticulatum,3
541,Croton antisyphiliticus,3
542,Curcuma aromatica,3
543,Curcuma comosa,3
544,Cymbopogon flexuosus,3
545,Cynanchum auriculatum,3
546,Daphne altaica,3
547,Daphne tangutica,3
548,Datura inoxia,3
549,Decalepis nervosa,3
550,Dendrobium catenatum,3
551,Dendropanax morbifer,3
552,Dennettia tripetala,3
553,Derris reticulata,3
554,Dillenia indica,3
555,Dillenia suffruticosa,3
556,Dioscorea zingiberensis,3
557,Dracocephalum palmatum,3
558,Drimia indica,3
559,Dysoxylum binectariferum,3
560,Echinops spinosissimus,3
561,Eleutherococcus trifoliatus,3
562,Elsholtzia rugulosa,3
563,Elwendia persica,3
564,Entada rheedei,3
565,Ephedra alata,3
566,Epimedium koreanum,3
567,Eruca vesicaria subsp. sativa,3
568,Erythrina abyssinica,3
569,Erythrina velutina,3
570,Etlingera elatior,3
571,Eucalyptus globulus,3
572,Euonymus alatus,3
573,Euphorbia fischeriana,3
574,Evolvulus alsinoides,3
575,Ferula aucheri,3
576,Ferula foetida,3
577,Ferula gummosa,3
578,Ferula jaeschkeana,3
579,Ficus platyphylla,3
580,Francoeuria undulata,3
581,Garcinia pedunculata,3
582,Gaultheria fragrantissima,3
583,Gelsemium elegans,3
584,Gentiana macrophylla,3
585,Geranium molle,3
586,Gmelina arborea,3
587,Guiera senegalensis,3
588,Hagenia abyssinica,3
589,Haplophyllum tuberculatum,3
590,Heliopsis longipes,3
591,Helleborus niger,3
592,Hemsleya amabilis,3
593,Hintonia latiflora,3
594,Hydrocotyle sibthorpioides,3
595,Hylomecon japonica,3
596,Hypericum sampsonii,3
597,Ibervillea sonorae,3
598,Indigofera tinctoria,3
599,Ipomoea obscura,3
600,Jasminum grandiflorum,3
601,Juglans mandshurica,3
602,Juniperus procera,3
603,Kadsura angustifolia,3
604,Kaempferia rotunda,3
605,Kelussia odoratissima,3
606,Lactuca indica,3
607,Lagenaria siceraria,3
608,Leonurus cardiaca,3
609,Lepidium meyenii,3
610,Leptospermum scoparium,3
611,Leucas aspera,3
612,Leucojum aestivum,3
613,Leuzea carthamoides,3
614,Lilium polyphyllum,3
615,Lippia javanica,3
616,Litsea cubeba,3
617,Lycoris radiata,3
618,Maesa lanceolata,3
619,Mallotus philippensis,3
620,Malva sylvestris,3
621,Melicope pteleifolia,3
622,Mentha cervina,3
623,Mikania glomerata,3
624,Morinda lucida,3
625,Moringa concanensis,3
626,Murraya exotica,3
627,Myoporum bontioides,3
628,Myrianthus arboreus,3
629,Nekemias grossedentata,3
630,Oliveria decumbens,3
631,Ophiorrhiza pumila,3
632,Orchis hatagirea,3
633,Oxalis corniculata,3
634,Paeonia lactiflora,3
635,Paeonia ostii,3
636,Palicourea rigida,3
637,Panax vietnamensis,3
638,Paulownia tomentosa,3
639,Pellaea calomelanos,3
640,Persicaria minor,3
641,Phyllanthus acidus,3
642,Pistacia atlantica,3
643,Pistacia integerrima,3
644,Pluchea indica,3
645,Psiloxylon mauritianum,3
646,Pueraria candollei var. mirifica,3
647,Quercus infectoria,3
648,Rhinacanthus nasutus,3
649,Rhodiola imbricata,3
650,Rhododendron molle,3
651,Ribes fasciculatum,3
652,Ruscus hyrcanus,3
653,Salvia abrotanoides,3
654,Sanguisorba officinalis,3
655,Sapindus mukorossi,3
656,Saposhnikovia divaricata,3
657,Sarcopoterium spinosum,3
658,Satureja sahendica,3
659,Scrophularia ningpoensis,3
660,Senegalia catechu,3
661,Senna italica,3
662,Senna tora,3
663,Sesbania grandiflora,3
664,Simarouba glauca,3
665,Smallanthus sonchifolius,3
666,Solanum cernuum,3
667,Solanum torvum,3
668,Solanum viarum,3
669,Sophora alopecuroides,3
670,Spiranthes sinensis,3
671,Squilla maritima,3
672,Stellera chamaejasme,3
673,Stephania tetrandra,3
674,Strobilanthes cusia,3
675,Swertia mussotii,3
676,Symplocos racemosa,3
677,Syzygium aqueum,3
678,Syzygium guineense,3
679,Tabernaemontana elegans,3
680,Tamarindus indica,3
681,Tanacetum vulgare,3
682,Tecoma stans,3
683,Tephrosia purpurea,3
684,Tetradium ruticarpum,3
685,Tetrapleura tetraptera,3
686,Thevetia peruviana,3
687,Thymus kotschyanus,3
688,Toxicodendron vernicifluum,3
689,Trichopus zeylanicus,3
690,Trollius chinensis,3
691,Tulbaghia violacea,3
692,Tussilago farfara,3
693,Verbascum thapsus,3
694,Veronica persica,3
695,Viola tricolor,3
696,Viscum album,3
697,Warburgia ugandensis,3
698,Wikstroemia indica,3
699,Withania frutescens,3
700,Wurfbainia longiligularis,3
701,Zanthoxylum alatum,3
702,Zanthoxylum piperitum,3
703,Ziziphus mauritiana,3
704,Abarema cochliacarpos,2
705,Abelmoschus moschatus,2
706,Acacia auriculiformis,2
707,Acalypha wilkesiana,2
708,Acer truncatum,2
709,Achillea biebersteinii,2
710,Achillea nobilis,2
711,Aconitum chasmanthum,2
712,Aconitum coreanum,2
713,Aconitum kusnezoffii,2
714,Aconitum vilmorinianum,2
715,Aconitum violaceum,2
716,Acridocarpus orientalis,2
717,Adenophora triphylla,2
718,Agathosma betulina,2
719,Agave amica,2
720,Ageratina adenophora,2
721,Ageratum conyzoides,2
722,Aglaia odorata,2
723,Aglaomorpha bonii,2
724,Agrimonia pilosa,2
725,Ajuga decumbens,2
726,Albizia lebbeck,2
727,Albizia myriophylla,2
728,Albuca bracteata,2
729,Alcea rosea,2
730,Aleurites moluccanus,2
731,Alisma plantago-aquatica subsp. orientale,2
732,Allamanda cathartica,2
733,Allanblackia floribunda,2
734,Allium fistulosum,2
735,Aloe pruinosa,2
736,Alstonia boonei,2
737,Ammodaucus leucotrichus,2
738,Amorphophallus commutatus,2
739,Ampelozizyphus amazonicus,2
740,Anacardium occidentale,2
741,Angelica decursiva,2
742,Angelica keiskei,2
743,Aniba rosaeodora,2
744,Anisodus tanguticus,2
745,Anisomeles malabarica,2
746,Annona crassiflora,2
747,Anthemis gilanica,2
748,Antidesma bunius,2
749,Aquilaria malaccensis,2
750,Arachis hypogaea,2
751,Aralia continentalis,2
752,Arbutus unedo,2
753,Archidendron lucidum,2
754,Arctotis arctotoides,2
755,Aristolochia indica,2
756,Aristolochia tagala,2
757,Artemisia aucheri,2
758,Artemisia dracunculus,2
759,Artemisia frigida,2
760,Artemisia pallens,2
761,Artemisia princeps,2
762,Artemisia vulgaris,2
763,Artocarpus heterophyllus,2
764,Artocarpus hirsutus,2
765,Artocarpus lacucha,2
766,Aster indicus,2
767,Aster tataricus,2
768,Averrhoa bilimbi,2
769,Ayapana triplinervis,2
770,Azima tetracantha,2
771,Baccharis genistelloides subsp. crispa,2
772,Balanites aegyptiaca,2
773,Bauhinia purpurea,2
774,Bauhinia racemosa,2
775,Bauhinia rufescens,2
776,Bauhinia variegata,2
777,Bellis perennis,2
778,Berberis bealei,2
779,Berberis integerrima,2
780,Beta vulgaris,2
781,Biancaea decapetala,2
782,Bidens bipinnata,2
783,Bletilla formosana,2
784,Bletilla ochracea,2
785,Blitum virgatum,2
786,Bougainvillea spectabilis,2
787,Bridelia ferruginea,2
788,Brucea antidysenterica,2
789,Buchanania axillaris,2
790,Buddleja globosa,2
791,Buddleja saligna,2
792,Bupleurum falcatum,2
793,Caesalpinia bahamensis,2
794,Callicarpa nudiflora,2
795,Calligonum polygonoides,2
796,Calluna vulgaris,2
797,Calophyllum inophyllum,2
798,Campomanesia adamantium,2
799,Camptotheca acuminata,2
800,Capparis decidua,2
801,Caralluma tuberculata,2
802,Carapa guianensis,2
803,Careya arborea,2
804,Carissa edulis,2
805,Carissa spinarum,2
806,Carlina acaulis,2
807,Ceratonia siliqua,2
808,Cereus jamacaru,2
809,Ceriops tagal,2
810,Ceropegia bulbosa,2
811,Chamaecyparis obtusa,2
812,Changium smyrnioides,2
813,Chiliadenus iphionoides,2
814,Chlorophytum comosum,2
815,Cinnamomum camphora,2
816,Citrus macroptera,2
817,Cleistochlamys kirkii,2
818,Clematis florida,2
819,Clematis terniflora,2
820,Cleome arabica,2
821,Clerodendrum japonicum,2
822,Clerodendrum phlomidis,2
823,Clinopodium serpyllifolium,2
824,Clinopodium vulgare,2
825,Cnidium monnieri,2
826,Cochlospermum vitifolium,2
827,Codonopsis pilosula subsp. tangshen,2
828,Coleus scutellarioides,2
829,Combretum fragrans,2
830,Commiphora africana,2
831,Commiphora gileadensis,2
832,Commiphora leptophloeos,2
833,Condea verticillata,2
834,Coriandrum sativum,2
835,Corydalis saxicola,2
836,Costus afer,2
837,Costus spicatus,2
838,Couroupita guianensis,2
839,Crataegus azarolus,2
840,Crataegus rhipidophylla,2
841,Crateva adansonii,2
842,Cremastra appendiculata,2
843,Crinum asiaticum,2
844,Crossostephium chinense,2
845,Croton conduplicatus,2
846,Croton stellatopilosus,2
847,Cucumis melo,2
848,Cunila galioides,2
849,Curcuma singularis,2
850,Curcuma zedoaria,2
851,Cyclopia subternata,2
852,Cydonia oblonga,2
853,Cymbopogon giganteus,2
854,Cymbopogon martinii,2
855,Cymbopogon winterianus,2
856,Cynanchum acidum,2
857,Cynanchum thesioides,2
858,Cynara cardunculus,2
859,Cynodon dactylon,2
860,Dacryodes edulis,2
861,Daphne genkwa,2
862,Daphne mucronata,2
863,Decalepis hamiltonii,2
864,Dendrobium nobile,2
865,Dendropanax dentiger,2
866,Dianthus basuticus,2
867,Dianthus chinensis,2
868,Dicoma anomala,2
869,Dictamnus dasycarpus,2
870,Digitalis trojana,2
871,Dioscorea composita,2
872,Diplocyclos palmatus,2
873,Dipteryx alata,2
874,Dodonaea viscosa subsp. angustifolia,2
875,Doratoxylon apetalum,2
876,Dorstenia psilurus,2
877,Dracaena cochinchinensis,2
878,Dracocephalum forrestii,2
879,Drimia robusta,2
880,Duguetia furfuracea,2
881,Echinodorus grandiflorus,2
882,Eleutherine bulbosa,2
883,Ensete superbum,2
884,Entada africana,2
885,Entada phaseoloides,2
886,Entandrophragma cylindricum,2
887,Ephedra foeminea,2
888,Epimedium wushanense,2
889,Equisetum arvense,2
890,Equisetum ramosissimum,2
891,Eryngium foetidum,2
892,Erythrina variegata,2
893,Euchresta horsfieldii,2
894,Euclea crispa,2
895,Eucomis autumnalis,2
896,Euonymus fortunei,2
897,Euphorbia nivulia,2
898,Euphorbia pekinensis,2
899,Euphorbia pulcherrima,2
900,Euploca strigosa,2
901,Euryale ferox,2
902,Fagonia cretica,2
903,Fagopyrum tataricum,2
904,Falcaria vulgaris,2
905,Fatsia japonica,2
906,Ferula songarica,2
907,Ficus hirta,2
908,Ficus palmata,2
909,Ficus sur,2
910,Ficus tikoua,2
911,Ficus umbellata,2
912,Filipendula ulmaria,2
913,Fridericia platyphylla,2
914,Fritillaria cirrhosa,2
915,Fritillaria cirrhosa subsp. roylei,2
916,Fritillaria taipaiensis,2
917,Fritillaria thunbergii,2
918,Fritillaria unibracteata,2
919,Froriepia subpinnata,2
920,Galega officinalis,2
921,Garcinia dulcis,2
922,Garcinia humilis,2
923,Gelsemium sempervirens,2
924,Gentiana scabra,2
925,Gentianella acuta,2
926,Geum urbanum,2
927,Glechoma hederacea,2
928,Glinus lotoides,2
929,Glycyrrhiza inflata,2
930,Gomphrena celosioides,2
931,Gundelia tournefortii,2
932,Gunnera perpensa,2
933,Gymnadenia conopsea,2
934,Gymnotheca chinensis,2
935,Gymnotheca involucrata,2
936,Gynura divaricata,2
937,Haloxylon salicornicum,2
938,Hebanthe paniculata,2
939,Hedera helix,2
940,Helianthus annuus,2
941,Helichrysum stoechas,2
942,Heliotropium indicum,2
943,Hibiscus surattensis,2
944,Hibiscus syriacus,2
945,Himatanthus drasticus,2
946,Holoptelea integrifolia,2
947,Hydnophytum formicarum,2
948,Hydrocotyle bonariensis,2
949,Hymenaea martiana,2
950,Hymenidium amabile,2
951,Hymenocallis littoralis,2
952,Hyoscyamus albus,2
953,Hyoscyamus niger,2
954,Hyptis marrubioides,2
955,Ilex asprella,2
956,Ilex paraguariensis,2
957,Illicium lanceolatum,2
958,Indigofera aspalathoides,2
959,Inula hupehensis,2
960,Ipomoea batatas,2
961,Jatropha mollissima,2
962,Juniperus chinensis,2
963,Kalanchoe daigremontiana,2
964,Krameria lappacea,2
965,Labisia pumila,2
966,Lactuca sativa,2
967,Lagerstroemia speciosa,2
968,Lallemantia royleana,2
969,Lancea tibetica,2
970,Lannea coromandelica,2
971,Larix laricina,2
972,Lavandula latifolia,2
973,Lavandula stoechas,2
974,Leptolobium dasycarpum,2
975,Leucaena leucocephala,2
976,Leucas lavandulifolia,2
977,Leucas zeylanica,2
978,Levisticum officinale,2
979,Libidibia ferrea,2
980,Limonia acidissima,2
981,Lindera aggregata,2
982,Liparis nervosa,2
983,Lithraea molleoides,2
984,Litsea glutinosa,2
985,Lotus corniculatus,2
986,Lycium ruthenicum,2
987,Lycoris aurea,2
988,Lysimachia christinae,2
989,Maerua oblongifolia,2
990,Mallotus japonicus,2
991,Malus hupehensis,2
992,Malva parviflora,2
993,Malvaviscus arboreus,2
994,Mammea siamensis,2
995,Maytenus austroyunnanensis,2
996,Meconopsis horridula,2
997,Melianthus comosus,2
998,Melittis melissophyllum,2
999,Mentha canadensis,2
1000,Mentha longifolia,2
1001,Mercurialis perennis,2
1002,Micromeria graeca,2
1003,Minthostachys verticillata,2
1004,Momordica balsamina,2
1005,Monsonia burkeana,2
1006,Moringa peregrina,2
1007,Moringa stenopetala,2
1008,Mosla scabra,2
1009,Moussonia deppeana,2
1010,Myristica fragrans,2
1011,Myrsine africana,2
1012,Myrsine melanophloeos,2
1013,Nanhaia speciosa,2
1014,Narcissus tazetta,2
1015,Naringi crenulata,2
1016,Neolamarckia cadamba,2
1017,Nepeta binaloudensis,2
1018,Nepeta nuda,2
1019,Nephrolepis biserrata,2
1020,Nicandra physalodes,2
1021,Nicotiana benthamiana,2
1022,Nicotiana tabacum,2
1023,Nigella glandulifera,2
1024,Nitraria retusa,2
1025,Nymphaea lotus,2
1026,Ochradenus arabicus,2
1027,Ocimum americanum,2
1028,Onosma bracteata,2
1029,Operculina turpethum,2
1030,Ophiorrhiza mungos,2
1031,Origanum syriacum,2
1032,Orixa japonica,2
1033,Osteomeles schwerinae,2
1034,Paeonia delavayi,2
1035,Panax japonicus var. bipinnatifidus,2
1036,Panax pseudoginseng,2
1037,Papaver rhoeas,2
1038,Parastrephia lucida,2
1039,Paris polyphylla var. yunnanensis,2
1040,Passiflora alata,2
1041,Passiflora edulis,2
1042,Patrinia villosa,2
1043,Paullinia pinnata,2
1044,Pentalinon andrieuxii,2
1045,Peperomia pellucida,2
1046,Pergularia tomentosa,2
1047,Periploca sepium,2
1048,Persicaria barbata,2
1049,Persicaria chinensis,2
1050,Petasites japonicus,2
1051,Petiveria alliacea,2
1052,Petroselinum crispum,2
1053,Peucedanum ostruthium,2
1054,Phanera scandens,2
1055,Phaseolus vulgaris,2
1056,Phedimus aizoon,2
1057,Phlogacanthus thyrsiflorus,2
1058,Phyllanthus debilis,2
1059,Phyllanthus reticulatus,2
1060,Physalis minima,2
1061,Picralima nitida,2
1062,Picrasma quassioides,2
1063,Pimpinella anisum,2
1064,Pinellia pedatisecta,2
1065,Piper amalago,2
1066,Piper attenuatum,2
1067,Piper guineense,2
1068,Piper longum,2
1069,Piper methysticum,2
1070,Pisonia aculeata,2
1071,Pithecellobium dulce,2
1072,Pittosporum dasycaulon,2
1073,Plantago asiatica,2
1074,Platostoma chinense,2
1075,Pluchea lanceolata,2
1076,Plumbago auriculata,2
1077,Plumeria obtusa,2
1078,Polyalthia bullata,2
1079,Polygala tenuifolia,2
1080,Polygonatum kingianum,2
1081,Polygonatum sibiricum,2
1082,Polyscias filicifolia,2
1083,Populus balsamifera,2
1084,Populus fremontii,2
1085,Portulacaria afra,2
1086,Potentilla alba,2
1087,Pothos scandens,2
1088,Prangos ferulacea,2
1089,Premna latifolia,2
1090,Premna odorata,2
1091,Prosopis farcta,2
1092,Prosopis laevigata,2
1093,Prunus africana,2
1094,Prunus japonica,2
1095,Prunus persica,2
1096,Pterodon pubescens,2
1097,Pteronia camphorata,2
1098,Ptychopetalum olacoides,2
1099,Pueraria montana var. thomsonii,2
1100,Pueraria tuberosa,2
1101,Pulicaria jaubertii,2
1102,Qualea grandiflora,2
1103,Reinwardtia indica,2
1104,Renealmia alpinia,2
1105,Rhamnus prinoides,2
1106,Rheum wittrockii,2
1107,Rhodiola sachalinensis,2
1108,Rhododendron anthopogonoides,2
1109,Rhododendron arboreum,2
1110,Rhododendron micranthum,2
1111,Rhododendron tomentosum,2
1112,Rhododendron x pulchrum,2
1113,Rhus chinensis,2
1114,Ribes diacanthum,2
1115,Rosa roxburghii,2
1116,Rosa rugosa,2
1117,Roscoea alpina,2
1118,Rubia yunnanensis,2
1119,Rubus idaeus,2
1120,Rumex japonicus,2
1121,Rumex patientia,2
1122,Salvia chinensis,2
1123,Salvia divinorum,2
1124,Salvia multicaulis,2
1125,Salvia przewalskii,2
1126,Salvia sclarea,2
1127,Salvia scrophulariifolia,2
1128,Salvia yunnanensis,2
1129,Sanguisorba minor,2
1130,Santolina chamaecyparissus,2
1131,Saponaria officinalis,2
1132,Saraca indica,2
1133,Satureja hortensis,2
1134,Satureja montana,2
1135,Satureja mutica,2
1136,Saussurea medusa,2
1137,Schinus terebinthifolia,2
1138,Scrophularia dentata,2
1139,Scutellaria orientalis,2
1140,Securigera securidaca,2
1141,Sedum dendroideum,2
1142,Selaginella convoluta,2
1143,Semiliquidambar cathayensis,2
1144,Senegalia pennata,2
1145,Senna garrettiana,2
1146,Sibbaldianthe bifurca,2
1147,Sida acuta,2
1148,Siphonochilus aethiopicus,2
1149,Smilax moranensis,2
1150,Solanum lycocarpum,2
1151,Solanum lyratum,2
1152,Solanum paniculatum,2
1153,Solori scandens,2
1154,Sophora davidii,2
1155,Sorghum bicolor,2
1156,Spathodea campanulata,2
1157,Spatholobus suberectus,2
1158,Spermacoce hispida,2
1159,Sphagneticola calendulacea,2
1160,Sphagneticola trilobata,2
1161,Stachys lavandulifolia,2
1162,Stemona tuberosa,2
1163,Stephania epigaea,2
1164,Stephania kwangsiensis,2
1165,Stephania viridiflavens,2
1166,Strobilanthes crispa,2
1167,Styrax officinalis,2
1168,Swertia corymbosa,2
1169,Swertia leducii,2
1170,Synedrella nodiflora,2
1171,Syringa vulgaris,2
1172,Syzygium aromaticum,2
1173,Syzygium jambos,2
1174,Tabernaemontana catharinensis,2
1175,Tagetes minuta,2
1176,Tamarix aphylla,2
1177,Tamarix nilotica,2
1178,Tanacetum balsamita,2
1179,Tanacetum polycephalum,2
1180,Tapinanthus bangwensis,2
1181,Taxus wallichiana,2
1182,Tectona grandis,2
1183,Tetracera scandens,2
1184,Tetraclinis articulata,2
1185,Thalictrum minus,2
1186,Thymelaea hirsuta,2
1187,Thymelaea microphylla,2
1188,Thymus persicus,2
1189,Thymus serpyllum,2
1190,Trichilia catigua,2
1191,Trichilia monadelpha,2
1192,Trichosanthes cucumerina,2
1193,Ulmus davidiana,2
1194,Uncaria rhynchophylla,2
1195,Urena lobata,2
1196,Vaccinium arctostaphylos,2
1197,Vaccinium dunalianum,2
1198,Vachellia farnesiana,2
1199,Vachellia leucophloea,2
1200,Verbena officinalis,2
1201,Vernonanthura phosphorica,2
1202,Vicia faba,2
1203,Vigna radiata,2
1204,Viola canescens,2
1205,Viola philippica,2
1206,Vitellaria paradoxa,2
1207,Vitex rotundifolia,2
1208,Vitis thunbergii,2
1209,Volkameria inermis,2
1210,Xanthoceras sorbifolium,2
1211,Ximenia americana,2
1212,Xylanthemum fisherae,2
1213,Xylopia laevigata,2
1214,Zanthoxylum capense,2
1215,Zanthoxylum chalybeum,2
1216,Zanthoxylum rhetsum,2
1217,Zea mays,2
1218,Zeyheria montana,2
1219,Zingiber cassumunar,2
1220,Zingiber zerumbet,2
1221,Ziziphus mucronata,2
1222,Ziziphus oxyphylla,2
1223,Zosima absinthifolia,2
1224,Aaronsohnia pubescens,1
1225,Abies sibirica,1
1226,Abrus pulchellus,1
1227,Abrus pulchellus subsp. cantoniensis,1
1228,Acacia arabica,1
1229,Acacia concinna,1
1230,Acacia confusa,1
1231,Acacia ehrenbergiana,1
1232,Acacia mearnsii,1
1233,Acalypha amentacea,1
1234,Acantholippia deserticola,1
1235,Acanthus mollis,1
1236,Achillea atrata,1
1237,Achillea collina,1
1238,Achillea cretica,1
1239,Achillea filipendulina,1
1240,Achillea santolina,1
1241,Achyranthes coynei,1
1242,Achyranthes japonica,1
1243,Achyrocline flaccida,1
1244,Acmella calva,1
1245,Acmella paniculata,1
1246,Aconitum austrokoreense,1
1247,Aconitum austroyunnanense,1
1248,Aconitum brachypodum,1
1249,Aconitum episcopale,1
1250,Aconitum napellus,1
1251,Aconitum naviculare,1
1252,Aconitum taronense,1
1253,Aconitum transsectum,1
1254,Acorus americanus,1
1255,Acorus gramineus,1
1256,Actaea cimicifuga,1
1257,Actaea dahurica,1
1258,Actinidia arguta,1
1259,Actinidia callosa,1
1260,Actinidia kolomikta,1
1261,Actinidia polygama,1
1262,Adansonia digitata,1
1263,Adenia hondala,1
1264,Adiantum nelumboides,1
1265,Adiantum philippense,1
1266,Adonis aestivalis,1
1267,Aegopodium alpestre,1
1268,Aeschynomene indica,1
1269,Aesculus turbinata,1
1270,Aframomum corrorima,1
1271,Aframomum melegueta,1
1272,Afrohybanthus enneaspermus,1
1273,Agapanthus praecox,1
1274,Agastache foeniculum,1
1275,Agastache mexicana,1
1276,Agathosma crenulata,1
1277,Ageratum fastigiatum,1
1278,Ageratum houstonianum,1
1279,Agriophyllum squarrosum,1
1280,Ailanthus altissimus,1
1281,Ainsliaea fragrans,1
1282,Ajania pacifica,1
1283,Ajuga forrestii,1
1284,Ajuga lobata,1
1285,Ajuga nipponensis,1
1286,Akebia quinata,1
1287,Albizia coriaria,1
1288,Albizia kalkora,1
1289,Albuca setosa,1
1290,Alcea aucheri,1
1291,Alcea kurdica,1
1292,Alchemilla mollis,1
1293,Alectra sessiliflora,1
1294,Alepidea amatymbica,1
1295,Alhagi sparsifolia,1
1296,Alisma canaliculatum,1
1297,Alisma plantago-aquatica,1
1298,Alkanna orientalis,1
1299,Allium akaka,1
1300,Allium ampeloprasum,1
1301,Allium chinense,1
1302,Allium hookeri,1
1303,Allium jesdianum,1
1304,Allium paradoxum,1
1305,Allium roseum,1
1306,Allium schoenoprasum,1
1307,Allium scorodoprasum,1
1308,Allium ursinum,1
1309,Allium victorialis,1
1310,Allophylus cominia,1
1311,Allophylus edulis,1
1312,Alloteropsis cimicina,1
1313,Alnus hirsuta,1
1314,Alnus incana,1
1315,Alnus nitida,1
1316,Aloe harlana,1
1317,Aloysia triphylla,1
1318,Alpinia calcarata,1
1319,Alseodaphne semecarpifolia,1
1320,Alsophila gigantea,1
1321,Alstonia macrophylla,1
1322,Alternanthera philoxeroides,1
1323,Amaranthus cruentus,1
1324,Amaranthus tricolor,1
1325,Amburana cearensis,1
1326,Amelanchier parviflora,1
1327,Ammi visnaga,1
1328,Ammopiptanthus mongolicus,1
1329,Amomum krervanh,1
1330,Amomum subulatum,1
1331,Amorpha fruticosa,1
1332,Amorphophallus paeoniifolius,1
1333,Amphilophium buccinatorium,1
1334,Amphilophium crucigerum,1
1335,Amphipterygium adstringens,1
1336,Amsonia orientalis,1
1337,Anastatica hierochuntica,1
1338,Anchietea pyrifolia,1
1339,Anchusa italica,1
1340,Anchusa ochroleuca,1
1341,Andrographis alata,1
1342,Andrographis echioides,1
1343,Andrographis lineata,1
1344,Andrographis producta,1
1345,Anemoclema glaucifolium,1
1346,Anemone flaccida,1
1347,Anemone pratensis subsp. nigricans,1
1348,Anemone taipaiensis,1
1349,Anemone turczaninovii,1
1350,Anethum ridolfia,1
1351,Angelica acutiloba,1
1352,Angelica anomala,1
1353,Angelica biserrata,1
1354,Angelica gigas,1
1355,Angelica laevigata,1
1356,Angelica purpurascens,1
1357,Angelica shikokiana,1
1358,Angelonia angustifolia,1
1359,Anisodus luridus,1
1360,Anisomeles indica,1
1361,Anisophyllea disticha,1
1362,Annickia polycarpa,1
1363,Annona cherimola,1
1364,Annona montana,1
1365,Annona sylvatica,1
1366,Ansellia africana,1
1367,Anthocleista vogelii,1
1368,Anthonotha macrophylla,1
1369,Anthyllis hermanniae,1
1370,Anthyllis vulneraria,1
1371,Antiaris toxicaria,1
1372,Antrocaryon micraster,1
1373,Anvillea garcinii subsp. radiata,1
1374,Apocynum hendersonii,1
1375,Aquilegia fragrans,1
1376,Aquilegia pubiflora,1
1377,Aralia cachemirica,1
1378,Aralia nudicaulis,1
1379,Aralia racemosa,1
1380,Arbutus andrachne,1
1381,Archidendron clypearia,1
1382,Ardisia brevicaulis,1
1383,Ardisia crenata,1
1384,Ardisia crispa,1
1385,Ardisia elliptica,1
1386,Ardisia mamillata,1
1387,Argemone ochroleuca,1
1388,Argyreia acuta,1
1389,Argyrolobium roseum,1
1390,Arisaema bockii,1
1391,Arisaema decipiens,1
1392,Arisaema flavum,1
1393,Arisaema heterophyllum,1
1394,Aristolochia bracteolata,1
1395,Aristolochia contorta,1
1396,Aristolochia delavayi,1
1397,Aristolochia hainanensis,1
1398,Aristolochia krisagathra,1
1399,Aristolochia littoralis,1
1400,Aristolochia manshuriensis,1
1401,Aristolochia saccata,1
1402,Aristolochia triangularis,1
1403,Armoracia rusticana,1
1404,Arnebia densiflora,1
1405,Aronia melanocarpa,1
1406,Arracacia tolucensis,1
1407,Artabotrys aurantiacus,1
1408,Artabotrys crassifolius,1
1409,Artabotrys hildebrandtii,1
1410,Artemisia adamsii,1
1411,Artemisia atrovirens,1
1412,Artemisia carvifolia,1
1413,Artemisia copa,1
1414,Artemisia dubia,1
1415,Artemisia fragrans,1
1416,Artemisia gilvescens,1
1417,Artemisia haussknechtii,1
1418,Artemisia indica,1
1419,Artemisia iwayomogi,1
1420,Artemisia kanashiroi,1
1421,Artemisia kurramensis,1
1422,Artemisia mendozana,1
1423,Artemisia monosperma,1
1424,Artemisia scoparia,1
1425,Artemisia scopiformis,1
1426,Artemisia selengensis,1
1427,Artemisia spicigera,1
1428,Artemisia sublessingiana,1
1429,Artemisia tilesii,1
1430,Artemisia vestita,1
1431,Artocarpus integer,1
1432,Artocarpus rigidus,1
1433,Arum hygrophilum,1
1434,Arum maculatum,1
1435,Aruncus dioicus,1
1436,Asarum sieboldii,1
1437,Asclepias curassavica,1
1438,Asclepias subulata,1
1439,Asparagus adscendens,1
1440,Asparagus africanus,1
1441,Asparagus filicinus,1
1442,Asparagus suaveolens,1
1443,Asphodelus aestivus,1
1444,Asphodelus tenuifolius,1
1445,Aspidopterys obcordata,1
1446,Aspidosperma pyrifolium,1
1447,Aspidosperma subincanum,1
1448,Aster koraiensis,1
1449,Aster spathulifolius,1
1450,Aster yomena,1
1451,Astilbe rivularis,1
1452,Astragalus camptodontus,1
1453,Astragalus chrysochlorus,1
1454,Astragalus galactites,1
1455,Astragalus hoantchy,1
1456,Astragalus verus,1
1457,Atalantia buxifolia,1
1458,Athrixia phylicoides,1
1459,Atractylodes japonica,1
1460,Avicennia officinalis,1
1461,Azanza garckeana,1
1462,Azorella atacamensis,1
1463,Azorella compacta,1
1464,Baccaurea ramiflora,1
1465,Baccharis articulata,1
1466,Baccharis glaziovii,1
1467,Baccharis milleflora,1
1468,Baeckea frutescens,1
1469,Balanites roxburghii,1
1470,Balanophora laxiflora,1
1471,Baliospermum montanum,1
1472,Bambusa textilis,1
1473,Banisteriopsis caapi,1
1474,Barleria albostellata,1
1475,Barleria lupulina,1
1476,Barleria prionitis,1
1477,Barringtonia acutangula,1
1478,Barringtonia asiatica,1
1479,Barringtonia racemosa,1
1480,Basella alba,1
1481,Basilicum polystachyon,1
1482,Bauhinia championii,1
1483,Bauhinia divaricata,1
1484,Bauhinia forficata,1
1485,Bauhinia monandra,1
1486,Bauhinia rufa,1
1487,Bauhinia strychnifolia,1
1488,Bauhinia ungulata,1
1489,Beaumontia grandiflora,1
1490,Begonia homonyma,1
1491,Beilschmiedia erythrophloia,1
1492,Bellevalia saviczii,1
1493,Benincasa fistulosa,1
1494,Benkara malabarica,1
1495,Berberis aquifolium,1
1496,Berberis dictyophylla,1
1497,Berberis fortunei,1
1498,Berberis koreana,1
1499,Berberis libanotica,1
1500,Berberis oiwakensis,1
1501,Berberis orthobotrys,1
1502,Berberis petiolaris,1
1503,Berberis ruscifolia,1
1504,Berberis wilsoniae,1
1505,Bergenia stracheyi,1
1506,Bersama abyssinica,1
1507,Betula alnoides,1
1508,Betula utilis,1
1509,Bidens odorata,1
1510,Biebersteinia multifida,1
1511,Biophytum sensitivum,1
1512,Bistorta manshuriensis,1
1513,Bistorta officinalis,1
1514,Bituminaria bituminosa,1
1515,Blepharis ciliaris,1
1516,Blumea balsamifera,1
1517,Blumea densiflora,1
1518,Blumea riparia,1
1519,Boehmeria nivea,1
1520,Boerhavia repens,1
1521,Boesenbergia armeniaca,1
1522,Boesenbergia pulchella,1
1523,Bombax ceiba,1
1524,Bonellia macrocarpa,1
1525,Bongardia chrysogonum,1
1526,Borassus flabellifer,1
1527,Boschniakia himalaica,1
1528,Boscia albitrunca,1
1529,Boswellia ovalifoliolata,1
1530,Bothriospermum chinense,1
1531,Boucerosia umbellata,1
1532,Bouvardia ternifolia,1
1533,Brachystegia boehmii,1
1534,Brassica juncea,1
1535,Brassica tournefortii,1
1536,Bredemeyera floribunda,1
1537,Breynia temii,1
1538,Bridelia micrantha,1
1539,Bridelia tomentosa,1
1540,Bromelia balansae,1
1541,Brunfelsia grandiflora,1
1542,Buchholzia coriacea,1
1543,Buddleja alternifolia,1
1544,Buddleja cordata,1
1545,Buddleja lindleyana,1
1546,Buddleja officinalis,1
1547,Bulbine frutescens,1
1548,Bupleurum kaoi,1
1549,Bupleurum marginatum,1
1550,Bupleurum scorzonerifolium,1
1551,Bupleurum yinchowense,1
1552,Butea superba,1
1553,Buxus sempervirens subsp. hyrcana,1
1554,Byrsonima intermedia,1
1555,Byrsonima verbascifolia,1
1556,Cakile maritima,1
1557,Calea uniflora,1
1558,Calendula tripterocarpa,1
1559,Callicarpa americana,1
1560,Callicarpa candicans,1
1561,Callicarpa macrophylla,1
1562,Calligonum crinitum,1
1563,Callistemon viminalis,1
1564,Callistemon viridiflorus,1
1565,Calycophyllum spruceanum,1
1566,Calystegia soldanella,1
1567,Camellia japonica,1
1568,Camellia nitidissima,1
1569,Camellia oleifera,1
1570,Camellia vietnamensis,1
1571,Campomanesia sessiliflora,1
1572,Campomanesia xanthocarpa,1
1573,Canarium subulatum,1
1574,Canscora diffusa,1
1575,Capparis erythrocarpos,1
1576,Capparis versicolor,1
1577,Capparis zeylanica,1
1578,Capsicum annuum,1
1579,Caragana jubata,1
1580,Caragana korshinskii,1
1581,Cardiospermum corindum,1
1582,Carissa carandas,1
1583,Carpesium divaricatum,1
1584,Cassia renigera,1
1585,Cassia sieberiana,1
1586,Casuarina equisetifolia,1
1587,Catunaregam spinosa,1
1588,Caudanthera edulis,1
1589,Cayratia pedata,1
1590,Cedrelopsis grevei,1
1591,Celastrus hindsii,1
1592,Celosia argentea,1
1593,Celosia trigyna,1
1594,Celtis africana,1
1595,Celtis sinensis,1
1596,Cenchrus americanus,1
1597,Centaurea cyanus,1
1598,Centaurea stoebe,1
1599,Centrosema molle,1
1600,Centrosema pubescens,1
1601,Cephalotaxus hainanensis,1
1602,Cephalotaxus mannii,1
1603,Ceratophyllum demersum,1
1604,Cereus hildmannianus,1
1605,Ceriscoides campanulata,1
1606,Ceropegia juncea,1
1607,Ceropegia santapaui,1
1608,Cestrum diurnum,1
1609,Chaenomeles speciosa,1
1610,Chamaecostus cuspidatus,1
1611,Chamaecostus subsessilis,1
1612,Chamaecrista absus,1
1613,Chamaecrista nictitans,1
1614,Chamaerops humilis,1
1615,Changnienia amoena,1
1616,Chelone glabra,1
1617,Chenopodiastrum murale,1
1618,Chenopodium album,1
1619,Chiliadenus montanus,1
1620,Chloranthus henryi,1
1621,Chlorella sp.,1
1622,Chlorella vulgaris,1
1623,Chlorophytum arundinaceum,1
1624,Chloroxylon swietenia,1
1625,Christia vespertilionis,1
1626,Chromolaena odorata,1
1627,Chrysactinia mexicana,1
1628,Chrysanthemum boreale,1
1629,Chrysanthemum lavandulifolium,1
1630,Chrysanthemum zawadskii,1
1631,Chuanminshen violaceum,1
1632,Cibotium barometz,1
1633,Cicer arietinum,1
1634,Cinnamomum subavenium,1
1635,Cinnamomum tamala,1
1636,Cinnamosma fragrans,1
1637,Cipadessa baccifera,1
1638,Cipura paludosa,1
1639,Cirsium aduncum,1
1640,Cirsium arvense,1
1641,Cirsium ehrenbergii,1
1642,Cirsium japonicum,1
1643,Cirsium setosum,1
1644,Cissampelos capensis,1
1645,Cissus aralioides,1
1646,Cissus assamica,1
1647,Cissus cornifolia,1
1648,Cissus trifoliata,1
1649,Cissus verticillata,1
1650,Cistanche salsa,1
1651,Cistus incanus,1
1652,Cistus munbyi,1
1653,Citronella gongonha,1
1654,Citrullus lanatus,1
1655,Citrus aurantiifolia,1
1656,Citrus bergamia,1
1657,Citrus pseudolimon,1
1658,Citrus volkameriana,1
1659,Cladanthus arabicus,1
1660,Clausena anisata,1
1661,Clausena harmandiana,1
1662,Clausena lansium,1
1663,Cleidion brevipetiolatum,1
1664,Clematis cirrhosa,1
1665,Clematis flammula,1
1666,Clematis orientalis,1
1667,Clematis simensis,1
1668,Cleome pallida,1
1669,Clerodendranthus spicatus,1
1670,Clerodendrum cyrtophyllum,1
1671,Clerodendrum indicum,1
1672,Clerodendrum lindleyi,1
1673,Clinopodium brownei,1
1674,Clinopodium chinense,1
1675,Clinopodium gilliesii,1
1676,Clinopodium mexicanum,1
1677,Clinopodium nubigenum,1
1678,Clinopodium polycephalum,1
1679,Clinopodium serpyllifolium subsp. fruticosum,1
1680,Coccoloba mollis,1
1681,Cochlospermum regium,1
1682,Cochlospermum religiosum,1
1683,Codonopsis clematidea,1
1684,Codonopsis javanica,1
1685,Coelogyne cantonensis,1
1686,Coelogyne cristata,1
1687,Cola millenii,1
1688,Colchicum autumnale,1
1689,Coleus strobilifer,1
1690,Coleus vettiveroides,1
1691,Colletia paradoxa,1
1692,Colocasia esculenta,1
1693,Colquhounia coccinea,1
1694,Colubrina asiatica,1
1695,Combretum erythrophyllum,1
1696,Combretum micranthum,1
1697,Combretum microphyllum,1
1698,Combretum mucronatum,1
1699,Commelina benghalensis,1
1700,Commiphora caudata,1
1701,Commiphora mukul,1
1702,Congea tomentosa,1
1703,Conium maculatum,1
1704,Connarus perrottetii,1
1705,Conobea scoparioides,1
1706,Conocarpus lancifolius,1
1707,Convallaria majalis,1
1708,Convolvulus arvensis,1
1709,Convolvulus galaticus,1
1710,Conyza pyrrhopappa,1
1711,Copaifera langsdorffii,1
1712,Coptis deltoidea,1
1713,Coptis omeiensis,1
1714,Coptis quinquesecta,1
1715,Coptis teeta,1
1716,Corallodiscus flabellatus,1
1717,Corchorus olitorius,1
1718,Cordia curassavica,1
1719,Cordia dichotoma,1
1720,Cordia myxa,1
1721,Cordia polycephala,1
1722,Corema album,1
1723,Coreopsis tinctoria,1
1724,Cornus kousa,1
1725,Corrigiola telephiifolia,1
1726,Corydalis cava,1
1727,Corydalis tomentella,1
1728,Corydalis yanhusuo,1
1729,Corylopsis coreana,1
1730,Corymbia citriodora,1
1731,Cosmos bipinnatus,1
1732,Cosmos sulphureus,1
1733,Costus pictus,1
1734,Costus spiralis,1
1735,Costus woodsonii,1
1736,Cota tinctoria,1
1737,Cotinus coggygria,1
1738,Crassocephalum crepidioides,1
1739,Crataegus laevigata,1
1740,Crataegus monogyna,1
1741,Crataegus pinnatifida,1
1742,Cratoxylum formosum,1
1743,Crepis rigescens,1
1744,Crescentia cujete,1
1745,Crinum bulbispermum,1
1746,Crinum glaucum,1
1747,Crithmum maritimum,1
1748,Crossopetalum gaumeri,1
1749,Crotalaria agatiflora,1
1750,Crotalaria albida,1
1751,Crotalaria lachnophora,1
1752,Crotalaria spectabilis,1
1753,Croton cajucara,1
1754,Croton crassifolius,1
1755,Croton lechleri,1
1756,Croton macrostachyus,1
1757,Croton matourensis,1
1758,Croton megalobotrys,1
1759,Croton megalocarpoides,1
1760,Croton penduliflorus,1
1761,Croton sylvaticus,1
1762,Croton tiglium,1
1763,Cryptolepis nigrescens,1
1764,Cryptolepis sanguinolenta,1
1765,Cryptotaenia japonica,1
1766,Ctenodon fascicularis,1
1767,Cucumis maderaspatanus,1
1768,Cucumis sativus,1
1769,Cucurbita moschata,1
1770,Cucurbita pepo,1
1771,Cuphea aequipetala,1
1772,Cuphea ingrata,1
1773,Cupressus atlantica,1
1774,Cupressus sempervirens,1
1775,Curcuma aeruginosa,1
1776,Curcuma amada,1
1777,Curcuma angustifolia,1
1778,Curcuma flaviflora,1
1779,Curcuma mangga,1
1780,Curcuma phaeocaulis,1
1781,Curcuma purpurascens,1
1782,Curcuma xanthorrhiza,1
1783,Curio repens,1
1784,Cuscuta campestris,1
1785,Cuscuta japonica,1
1786,Cyanotis ciliata,1
1787,Cyathocline purpurea,1
1788,Cyathula prostrata,1
1789,Cyclamen persicum,1
1790,Cyclopia genistoides,1
1791,Cyclopia intermedia,1
1792,Cyclotrichium origanifolium,1
1793,Cylicodiscus gabunensis,1
1794,Cymbopogon schoenanthus,1
1795,Cynanchum wilfordii,1
1796,Cynara humilis,1
1797,Cynoglossum stylosum,1
1798,Cynomorium coccineum,1
1799,Cynomorium songaricum,1
1800,Cyperus conglomeratus,1
1801,Cyrtomium fortunei,1
1802,Cytisus multiflorus,1
1803,Dactylicapnos torulosa,1
1804,Dactylorhiza maculata,1
1805,Dalbergia boehmii,1
1806,Daniellia oliveri,1
1807,Daphne acutiloba,1
1808,Daphne aurantiaca,1
1809,Daphne kiusiana,1
1810,Daphne pseudomezereum,1
1811,Dasymaschalon rostratum,1
1812,Davidia involucrata,1
1813,Davilla elliptica,1
1814,Debregeasia salicifolia,1
1815,Decalepis arayalpathra,1
1816,Decalepis salicifolia,1
1817,Delonix elata,1
1818,Delphinium denudatum,1
1819,Dendrobium crepidatum,1
1820,Dendrobium fimbriatum,1
1821,Dendrobium thyrsiflorum,1
1822,Dendropanax arboreus,1
1823,Descurainia sophia,1
1824,Desmodium gyrans,1
1825,Deverra scoparia,1
1826,Dianthera pectoralis,1
1827,Dichocarpum auriculatum,1
1828,Dichotomanthes tristaniicarpa,1
1829,Dicliptera verticillata,1
1830,Digitalis lanata,1
1831,Digitalis nervosa,1
1832,Dioscorea alata,1
1833,Dioscorea birmanica,1
1834,Dioscorea membranacea,1
1835,Dioscorea panthaica,1
1836,Dioscorea prazeri,1
1837,Dioscorea sansibarensis,1
1838,Diospyros bipindensis,1
1839,Diospyros mollis,1
1840,Dipcadi erythraeum,1
1841,Dipelta yunnanensis,1
1842,Diplotaxis harra,1
1843,Dipsacus asperoides,1
1844,Dipterocarpus alatus,1
1845,Discopodium penninervium,1
1846,Disporopsis longifolia,1
1847,Disporum viridescens,1
1848,Dittrichia graveolens,1
1849,Doliocarpus dentatus,1
1850,Dracaena arborea,1
1851,Dracaena cambodiana,1
1852,Dracaena cinnabari,1
1853,Dracaena reflexa,1
1854,Dracocephalum heterophyllum,1
1855,Drimia nagarjunae,1
1856,Drimys brasiliensis,1
1857,Drimys winteri,1
1858,Drymaria cordata,1
1859,Dryopteris ramosa,1
1860,Duguetia stelechantha,1
1861,Dyerophytum indicum,1
1862,Dysosma versipellis,1
1863,Dysphania botrys,1
1864,Dysphania graveolens,1
1865,Ecballium elaterium,1
1866,Echinodorus macrophyllus,1
1867,Echinops abuzinadianus,1
1868,Echinops echinatus,1
1869,Echinops macrochaetus,1
1870,Echinops persicus,1
1871,Echium angustifolium,1
1872,Egletes viscosa,1
1873,Ehretia asperula,1
1874,Ehretia cymosa,1
1875,Ekebergia capensis,1
1876,Elaeagnus glabra,1
1877,Elaeis guineensis,1
1878,Elaeocarpus floribundus,1
1879,Elaeodendron transvaalense,1
1880,Elateriospermum tapos,1
1881,Elatostema stewardii,1
1882,Elephantopus mollis,1
1883,Eleutherococcus brachypus,1
1884,Eleutherococcus gracilistylus,1
1885,Eleutherococcus koreanus,1
1886,Eleutherococcus nodiflorus,1
1887,Eleutherococcus sessiliflorus,1
1888,Eleutherococcus sieboldianus,1
1889,Empetrum nigrum,1
1890,Endopleura uchi,1
1891,Endostemon obtusifolius,1
1892,Englerophytum magalismontanum,1
1893,Enicostema axillare,1
1894,Entada abyssinica,1
1895,Entada spiralis,1
1896,Ephedra aphylla,1
1897,Ephedra foliata,1
1898,Ephedra monosperma,1
1899,Ephedra trifurca,1
1900,Epilobium hirsutum,1
1901,Epilobium montanum,1
1902,Epilobium parviflorum,1
1903,Epimedium elatum,1
1904,Epimedium pubescens,1
1905,Eplingiella fruticosa,1
1906,Equilabium laxiflorum,1
1907,Equisetum hyemale,1
1908,Eremomastax speciosa,1
1909,Eremophila bignoniiflora,1
1910,Eremophila dalyana,1
1911,Eremophila longifolia,1
1912,Eremophila neglecta,1
1913,Eremurus himalaicus,1
1914,Eremurus persicus,1
1915,Eremurus spectabilis,1
1916,Erica multiflora,1
1917,Erigeron floribundus,1
1918,Eriocephalus africanus,1
1919,Eriophyton tibeticum,1
1920,Eriosema laurentii,1
1921,Eriosema robustum,1
1922,Erodium cicutarium,1
1923,Eryngium carlinae,1
1924,Eryngium maritimum,1
1925,Erythrina brucei,1
1926,Erythrina corallodendron,1
1927,Erythrina lysistemon,1
1928,Erythrina mildbraedii,1
1929,Erythrina senegalensis,1
1930,Erythrina suberosa,1
1931,Erythrina verna,1
1932,Erythrina vogelii,1
1933,Erythrophleum africanum,1
1934,Erythrostemon yucatanensis,1
1935,Erythroxylum gracilipes,1
1936,Eschscholzia californica,1
1937,Eucalyptus obliqua,1
1938,Eucalyptus oleosa,1
1939,Euclea divinorum,1
1940,Eugenia punicifolia,1
1941,Eugenia pyriformis,1
1942,Eugenia singampattiana,1
1943,Eugenia uniflora,1
1944,Euonymus maackii,1
1945,Eupatorium japonicum,1
1946,Euphorbia abyssinica,1
1947,Euphorbia characias,1
1948,Euphorbia condylocarpa,1
1949,Euphorbia cyathophora,1
1950,Euphorbia ebracteolata,1
1951,Euphorbia formosana,1
1952,Euphorbia helioscopia,1
1953,Euphorbia humifusa,1
1954,Euphorbia kansuensis,1
1955,Euphorbia kansui,1
1956,Euphorbia lactea,1
1957,Euphorbia lugardae,1
1958,Euphorbia maculata,1
1959,Euphorbia neriifolia,1
1960,Euphorbia peplus,1
1961,Euphorbia petiolata,1
1962,Euphorbia retusa,1
1963,Euphorbia wallichii,1
1964,Euphrasia rostkoviana,1
1965,Euscaphis japonica,1
1966,Euscaphis konishii,1
1967,Euthamia graminifolia,1
1968,Exacum affine,1
1969,Exacum bicolor,1
1970,Eysenhardtia platycarpa,1
1971,Eysenhardtia polystachya,1
1972,Fadogia agrestis,1
1973,Fagopyrum cymosum,1
1974,Fagopyrum dibotrys,1
1975,Fagopyrum esculentum,1
1976,Farsetia stylosa,1
1977,Fernandoa adenophylla,1
1978,Ferula bungeana,1
1979,Ferula communis,1
1980,Ferula cupularis,1
1981,Ferula drudeana,1
1982,Ferula elaeochytris,1
1983,Ferula feruloides,1
1984,Ferula hermonis,1
1985,Ferula ovina,1
1986,Ferula tadshikorum,1
1987,Ferulago stellata,1
1988,Ficus benghalensis,1
1989,Ficus erecta,1
1990,Ficus racemosa,1
1991,Ficus subincisa,1
1992,Ficus sycomorus,1
1993,Ficus vasta,1
1994,Filipendula vulgaris,1
1995,Firmiana simplex,1
1996,Fissistigma polyanthoides,1
1997,Flagellaria indica,1
1998,Flemingia philippinensis,1
1999,Flueggea leucopyrus,1
2000,Frangula azorica,1
2001,Fraxinus angustifolia,1
2002,Fraxinus xanthoxyloides,1
2003,Fritillaria pallidiflora,1
2004,Fumaria vaillantii,1
2005,Galium mexicanum,1
2006,Galium verum,1
2007,Galphimia glauca,1
2008,Gambeya albida,1
2009,Garcinia celebica,1
2010,Garcinia cowa,1
2011,Garcinia hanburyi,1
2012,Garcinia imberti,1
2013,Garcinia macrophylla,1
2014,Garcinia morella,1
2015,Garcinia oblongifolia,1
2016,Garcinia vilersiana,1
2017,Garcinia xanthochymus,1
2018,Gardenia latifolia,1
2019,Gardenia resinifera,1
2020,Gasteria bicolor,1
2021,Gaultheria trichophylla,1
2022,Gaylussacia brasiliensis,1
2023,Gazania rigens,1
2024,Genipa americana,1
2025,Genista sessilifolia,1
2026,Gentiana apiata,1
2027,Gentiana asclepiadea,1
2028,Gentiana cruciata,1
2029,Gentiana dahurica,1
2030,Gentiana delavayi,1
2031,Gentiana kurroo,1
2032,Gentiana lawrencei,1
2033,Gentiana manshurica,1
2034,Gentiana straminea,1
2035,Gentiana triflora,1
2036,Gentianella amarella,1
2037,Gentianella lutescens,1
2038,Gentianopsis barbata,1
2039,Gentianopsis paludosa,1
2040,Geophila repens,1
2041,Geranium koreanum,1
2042,Geranium pyrenaicum,1
2043,Geranium sanguineum,1
2044,Geranium sibiricum,1
2045,Getonia floribunda,1
2046,Geum macrophyllum,1
2047,Gladiolus dalenii,1
2048,Glaucium flavum,1
2049,Glebionis coronaria,1
2050,Glechoma longituba,1
2051,Gleditsia sinensis,1
2052,Globularia alypum,1
2053,Glochidion ellipticum,1
2054,Glochidion velutinum,1
2055,Glossogyne tenuifolia,1
2056,Glycine max,1
2057,Gnaphalium polycaulon,1
2058,Gnetum gnemon,1
2059,Gnetum parvifolium,1
2060,Gnetum ula,1
2061,Goniothalamus andersonii,1
2062,Goniothalamus wynaadensis,1
2063,Gonopterodendron sarmientoi,1
2064,Goodyera schlechtendaliana,1
2065,Gossypium hirsutum,1
2066,Gouania leptostachya,1
2067,Gouania mauritiana,1
2068,Grammatophyllum speciosum,1
2069,Greenwayodendron oliveri,1
2070,Grewia asiatica,1
2071,Grewia hirsuta,1
2072,Griffonia simplicifolia,1
2073,Grona adscendens,1
2074,Grona styracifolia,1
2075,Grona triflora,1
2076,Guatteria friesiana,1
2077,Guettarda speciosa,1
2078,Gymnema montanum,1
2079,Gymnosporia buxifolia,1
2080,Gynandropsis gynandra,1
2081,Gynochthodes cochinchinensis,1
2082,Gynochthodes parvifolia,1
2083,Gynura bicolor,1
2084,Gynura cusimbua,1
2085,Gynura segetum,1
2086,Gypsophila vaccaria,1
2087,Haematocarpus validus,1
2088,Haematoxylum campechianum,1
2089,Halenia elliptica,1
2090,Haloxylon ammodendron,1
2091,Hammada scoparia,1
2092,Haplophyllum gilesii,1
2093,Haplophyllum virgatum,1
2094,Harmsiopanax aculeatus,1
2095,Harpephyllum caffrum,1
2096,Hedera nepalensis,1
2097,Hedychium flavum,1
2098,Hedysarum polybotrys,1
2099,Hedysarum theinum,1
2100,Heimia myrtifolia,1
2101,Helianthemum sessiliflorum,1
2102,Helianthus tuberosus,1
2103,Helichrysum arenarium,1
2104,Helichrysum aureonitens,1
2105,Helichrysum melaleucum,1
2106,Helichrysum odoratissimum,1
2107,Helichrysum plicatum,1
2108,Helicia nilagirica,1
2109,Heliciopsis lobata,1
2110,Helicteres angustifolia,1
2111,Helicteres hirsuta,1
2112,Heliotropium crispum,1
2113,Hemerocallis citrina,1
2114,Hemsleya chinensis,1
2115,Henckelia incana,1
2116,Heracleum candicans,1
2117,Heracleum maximum,1
2118,Heracleum millefolium,1
2119,Heracleum moellendorffii,1
2120,Heracleum yungningense,1
2121,Herpetospermum pedunculosum,1
2122,Hertia cheirifolia,1
2123,Hertia intermedia,1
2124,Hesperis isatidea,1
2125,Heteromorpha arborescens,1
2126,Heterotheca inuloides,1
2127,Hibiscus asper,1
2128,Hodgsonia heteroclita,1
2129,Hofmeisteria schaffneri,1
2130,Hordeum vulgare,1
2131,Hosta plantaginea,1
2132,Hovenia acerba,1
2133,Hovenia dulcis,1
2134,Hubertia ambavilla,1
2135,Humulus lupulus,1
2136,Huperzia selago,1
2137,Hydnora abyssinica,1
2138,Hydnora johannis,1
2139,Hydrangea febrifuga,1
2140,Hydrangea paniculata,1
2141,Hydrilla verticillata,1
2142,Hydrocotyle javanica,1
2143,Hydrocotyle pseudoconferta,1
2144,Hygrophila auriculata,1
2145,Hygrophila polysperma,1
2146,Hygrophila schulli,1
2147,Hylotelephium tatarinowii,1
2148,Hymenaea stigonocarpa,1
2149,Hymenocardia acida,1
2150,Hymenopus macrophyllus,1
2151,Hyoscyamus muticus,1
2152,Hyoscyamus reticulatus,1
2153,Hyoscyamus senecionis,1
2154,Hypericum androsaemum,1
2155,Hypericum attenuatum,1
2156,Hypericum beanii,1
2157,Hypericum elodeoides,1
2158,Hypericum empetrifolium,1
2159,Hypericum foliosum,1
2160,Hypericum japonicum,1
2161,Hypericum laricifolium,1
2162,Hypericum rumeliacum,1
2163,Hypericum scruglii,1
2164,Hypericum silenoides,1
2165,Hypericum sinaicum,1
2166,Hypericum triquetrifolium,1
2167,Hyphaene thebaica,1
2168,Hypochaeris radicata,1
2169,Iberis amara,1
2170,Ilex cornuta,1
2171,Ilex dipyrena,1
2172,Ilex pernyi,1
2173,Illicium difengpi,1
2174,Impatiens balsamina,1
2175,Impatiens repens,1
2176,Impatiens textorii,1
2177,Imperata cylindrica,1
2178,Indigofera argentea,1
2179,Indigofera cassioides,1
2180,Indigofera heterantha,1
2181,Indigofera spicata,1
2182,Indigofera stachyodes,1
2183,Indigofera suffruticosa,1
2184,Inula helenium,1
2185,Iphigenia indica,1
2186,Ipomoea aquatica,1
2187,Ipomoea asarifolia,1
2188,Ipomoea carnea,1
2189,Ipomoea mauritiana,1
2190,Ipomoea staphylina,1
2191,Ipomoea wightii,1
2192,Iris domestica,1
2193,Iris germanica,1
2194,Iris lactea,1
2195,Iris postii,1
2196,Iris tectorum,1
2197,Isodon amethystoides,1
2198,Isodon eriocalyx,1
2199,Isodon flavidus,1
2200,Isodon interruptus,1
2201,Isodon lophanthoides,1
2202,Isodon serra,1
2203,Isodon wightii,1
2204,Isoetes sinensis,1
2205,Ixeris chinensis,1
2206,Ixora coccinea,1
2207,Jacaranda cuspidifolia,1
2208,Jasminum sambac,1
2209,Jateorhiza macrantha,1
2210,Jatropha dioica,1
2211,Jatropha multifida,1
2212,Jatropha podagrica,1
2213,Joannesia princeps,1
2214,Juglans regia,1
2215,Juncus effusus,1
2216,Junellia spathulata,1
2217,Juniperus communis,1
2218,Juniperus excelsa,1
2219,Juniperus oxycedrus,1
2220,Juniperus polycarpos,1
2221,Justicia betonica,1
2222,Justicia flava,1
2223,Justicia spicigera,1
2224,Kadsura coccinea,1
2225,Kadsura heteroclita,1
2226,Kadsura longipedunculata,1
2227,Kadsura philippinensis,1
2228,Kaempferia angustifolia,1
2229,Kalanchoe flammea,1
2230,Kalanchoe laetivirens,1
2231,Khaya senegalensis,1
2232,Kickxia ramosissima,1
2233,Kitagawia praeruptora,1
2234,Kniphofia foliosa,1
2235,Koelreuteria paniculata,1
2236,Koenigia mollis,1
2237,Kopsia hainanensis,1
2238,Lafoensia pacari,1
2239,Lagerstroemia indica,1
2240,Laggera pterodonta,1
2241,Lagopsis supina,1
2242,Lagotis brevituba,1
2243,Laguncularia racemosa,1
2244,Lamprocapnos spectabilis,1
2245,Lantana caatingensis,1
2246,Lantana ukambensis,1
2247,Laportea bulbifera,1
2248,Laportea peduncularis,1
2249,Larrea divaricata,1
2250,Laserpitium latifolium,1
2251,Lasia spinosa,1
2252,Lasianthera africana,1
2253,Lasimorpha senegalensis,1
2254,Launaea nudicaulis,1
2255,Launaea procumbens,1
2256,Launaea sarmentosa,1
2257,Launaea taraxacifolia,1
2258,Laurus nobilis,1
2259,Lavandula dentata,1
2260,Lavandula mairei,1
2261,Lavandula multifida,1
2262,Lavandula pinnata,1
2263,Lavandula tenuisecta,1
2264,Lavatera thuringiaca,1
2265,Ledebouria revoluta,1
2266,Leea macrophylla,1
2267,Lemmaphyllum carnosum var. drymoglossoides,1
2268,Leonotis nepetifolia,1
2269,Leonotis ocymifolia,1
2270,Leontopodium nivale,1
2271,Leonurus japonicus,1
2272,Lepechinia meyenii,1
2273,Lepechinia salviae,1
2274,Lepidium didymum,1
2275,Lepidium draba,1
2276,Lepiniopsis ternatensis,1
2277,Leplaea mayombensis,1
2278,Leptadenia pyrotechnica,1
2279,Leptopetalum biflorum,1
2280,Lespedeza cuneata,1
2281,Leucanthemum vulgare,1
2282,Leucas biflora,1
2283,Leucas cephalotes,1
2284,Leucas ciliata,1
2285,Leucomeris decora,1
2286,Leucophyllum frutescens,1
2287,Leucosceptrum canum,1
2288,Leucosidea sericea,1
2289,Leuzea acaulis,1
2290,Leycesteria formosa,1
2291,Libidibia coriaria,1
2292,Ligularia fischeri,1
2293,Ligusticum chuanxiong,1
2294,Ligusticum tenuissimum,1
2295,Lilaeopsis chinensis,1
2296,Lilium davidii var. unicolor,1
2297,Lilium primulinum,1
2298,Limnophila aromatica,1
2299,Limoniastrum guyonianum,1
2300,Limonium michelsonii,1
2301,Limonium tetragonum,1
2302,Linum narbonense,1
2303,Linum usitatissimum,1
2304,Lippia graveolens,1
2305,Lippia integrifolia,1
2306,Liquidambar formosana,1
2307,Liquidambar orientalis,1
2308,Liriope muscari,1
2309,Lithocarpus litseifolius,1
2310,Lithocarpus polystachyus,1
2311,Lithospermum officinale,1
2312,Litsea monopetala,1
2313,Lobelia alsinoides,1
2314,Lobelia giberroa,1
2315,Lobostemon trigonus,1
2316,Loeseneriella africana,1
2317,Lopezia racemosa,1
2318,Lophanthera lactescens,1
2319,Lophatherum gracile,1
2320,Lophira lanceolata,1
2321,Lophostemon suaveolens,1
2322,Loranthus europaeus,1
2323,Loranthus tanakae,1
2324,Lotus dorycnium,1
2325,Lucilia nitens,1
2326,Luculia pinceana,1
2327,Ludwigia lagunae,1
2328,Ludwigia octovalvis,1
2329,Luehea divaricata,1
2330,Luffa acutangula,1
2331,Luffa echinata,1
2332,Luffa operculata,1
2333,Lycium europaeum,1
2334,Lycium intricatum,1
2335,Lycium schweinfurthii,1
2336,Lycopodium clavatum,1
2337,Lycoris longituba,1
2338,Lygodium microphyllum,1
2339,Lysimachia candida,1
2340,Lysimachia mauritiana,1
2341,Lythrum salicaria,1
2342,Machaerium hirtum,1
2343,Machilus thunbergii,1
2344,Macropiper excelsum,1
2345,Madhuca longifolia var. latifolia,1
2346,Maesa indica,1
2347,Maesa perlaria,1
2348,Magnolia cylindrica,1
2349,Magnolia laevifolia,1
2350,Magnolia macrophylla var. dealbata,1
2351,Magnolia obovata,1
2352,Maianthemum atropurpureum,1
2353,Malachra alceifolia,1
2354,Malania oleifera,1
2355,Mallotus barbatus,1
2356,Mallotus oblongifolius,1
2357,Malus sylvestris,1
2358,Malus toringoides,1
2359,Malva verticillata,1
2360,Mandevilla coccinea,1
2361,Mandragora autumnalis,1
2362,Manilkara hexandra,1
2363,Mansoa alliacea,1
2364,Mansoa hirsuta,1
2365,Margaritaria discoidea,1
2366,Markhamia tomentosa,1
2367,Marrubium deserti,1
2368,Marrubium globosum,1
2369,Marsilea quadrifolia,1
2370,Marsypianthes chamaedrys,1
2371,Martynia annua,1
2372,Mazus pumilus,1
2373,Meconopsis aculeata,1
2374,Meconopsis punicea,1
2375,Meconopsis quintuplinervia,1
2376,Medicago sativa,1
2377,Medicago truncatula,1
2378,Megacarpaea polyandra,1
2379,Meistera muricarpa,1
2380,Melaleuca alternifolia,1
2381,Melaleuca cajuputi,1
2382,Melaleuca styphelioides,1
2383,Melilotus officinalis,1
2384,Melodinus cochinchinensis,1
2385,Melodorum fruticosum,1
2386,Memecylon edule,1
2387,Mentha aquatica,1
2388,Mentha asiatica,1
2389,Mentha suaveolens,1
2390,Mesembryanthemum crystallinum,1
2391,Metagentiana rhodantha,1
2392,Meyna spinosa,1
2393,Miconia albicans,1
2394,Microcos paniculata,1
2395,Micromelum falcatum,1
2396,Micromeria biflora,1
2397,Micromeria myrtifolia,1
2398,Microsorum scolopendria,1
2399,Mikania micrantha,1
2400,Milicia excelsa,1
2401,Miliusa velutina,1
2402,Millettia ferruginea,1
2403,Millingtonia hortensis,1
2404,Mimosa pudica,1
2405,Mimosa tenuiflora,1
2406,Mimusops elengi,1
2407,Mirabilis jalapa,1
2408,Misopates orontium,1
2409,Mitracarpus villosus,1
2410,Molineria capitulata,1
2411,Moltkia petraea,1
2412,Momordica cochinchinensis,1
2413,Monarda didyma,1
2414,Monechma ciliatum,1
2415,Moneses uniflora,1
2416,Monochasma savatieri,1
2417,Monsonia angustifolia,1
2418,Monteverdia robusta,1
2419,Moquiniastrum polymorphum,1
2420,Moraea sisyrinchium,1
2421,Morella esculenta,1
2422,Morella rubra,1
2423,Morella salicifolia,1
2424,Morella serrata,1
2425,Morinda coreia,1
2426,Morinda morindoides,1
2427,Morinda pubescens,1
2428,Morinda royoc,1
2429,Morus celtidifolia,1
2430,Morus nigra,1
2431,Muehlenbeckia volcanica,1
2432,Munronia pinnata,1
2433,Muntingia calabura,1
2434,Murraya paniculata,1
2435,Myrcia bella,1
2436,Myrcia guianensis,1
2437,Myrmecodia platytyrea,1
2438,Myrmecodia tuberosa,1
2439,Myrsine leuconeura,1
2440,Myrtus nivelii,1
2441,Nageia nagi,1
2442,Nandina domestica,1
2443,Naravelia zeylanica,1
2444,Naregamia alata,1
2445,Nectandra megapotamica,1
2446,Neesia altissima,1
2447,Neobeguea mahafalensis,1
2448,Neoglaziovia variegata,1
2449,Neorautanenia mitis,1
2450,Nepenthes khasiana,1
2451,Nepeta bracteata,1
2452,Nepeta deflersiana,1
2453,Nepeta dschuparensis,1
2454,Nepeta glomerulosa,1
2455,Nepeta pogonosperma,1
2456,Neptunia oleracea,1
2457,Neurada procumbens,1
2458,Neurolaena lobata,1
2459,Newbouldia laevis,1
2460,Nigella arvensis,1
2461,Nigella damascena,1
2462,Notholirion thomsonianum,1
2463,Nymphaea nouchali,1
2464,Ocimum kilimandscharicum,1
2465,Ocimum selloi,1
2466,Ocotea odorifera,1
2467,Odontites vernus subsp. serotinus,1
2468,Oenanthe fistulosa,1
2469,Oldenlandia diffusa,1
2470,Oldenlandia herbacea,1
2471,Olea dioica,1
2472,Olea europaea subsp. cuspidata,1
2473,Olea europaea subsp. europaea,1
2474,Onobrychis argyrea,1
2475,Ononis pubescens,1
2476,Onopordum illyricum,1
2477,Onosma dichroantha,1
2478,Onosma paniculata,1
2479,Operculina hamiltonii,1
2480,Ophiorrhiza rugosa,1
2481,Opilia amentacea,1
2482,Opuntia humifusa,1
2483,Oreorchis foliosa,1
2484,Origanum compactum,1
2485,Origanum dictamnus,1
2486,Origanum elongatum,1
2487,Origanum scabrum,1
2488,Ormocarpum kirkii,1
2489,Ormocarpum sennoides,1
2490,Ormosia arborea,1
2491,Ormosia hosiei,1
2492,Ornithogalum saundersiae,1
2493,Orostachys fimbriata,1
2494,Osmunda japonica,1
2495,Ostryopsis nobilis,1
2496,Otholobium pubescens,1
2497,Ouratea semiserrata,1
2498,Oxalis barrelieri,1
2499,Oxytropis falcata,1
2500,Oxytropis lanata,1
2501,Oxytropis pseudoglandulosa,1
2502,Oxytropis racemosa,1
2503,Pachyrhizus erosus,1
2504,Paeonia emodi,1
2505,Paeonia jishanensis,1
2506,Paeonia ludlowii,1
2507,Paeonia rockii,1
2508,Paeonia veitchii,1
2509,Pallenis spinosa,1
2510,Panax stipuleanatus,1
2511,Pancratium maritimum,1
2512,Papaver orientale,1
2513,Pappea capensis,1
2514,Paramollugo nudicaulis,1
2515,Parasenecio hastatus,1
2516,Paris quadrifolia,1
2517,Parkia roxburghii,1
2518,Parkia speciosa,1
2519,Parkia timoriana,1
2520,Parkinsonia praecox,1
2521,Parnassia palustris,1
2522,Parthenium hysterophorus,1
2523,Passiflora caerulea,1
2524,Passiflora suberosa,1
2525,Passovia pyrifolia,1
2526,Pastinaca sativa,1
2527,Patrinia heterophylla,1
2528,Paullinia cupana,1
2529,Pedicularis groenlandica,1
2530,Pedicularis longiflora,1
2531,Pedicularis sibthorpii,1
2532,Peganum nigellastrum,1
2533,Pelargonium endlicherianum,1
2534,Pelargonium quercetorum,1
2535,Peltophorum africanum,1
2536,Peperomia dindygulensis,1
2537,Pericampylus glaucus,1
2538,Periploca aphylla,1
2539,Periploca forrestii,1
2540,Periploca laevigata,1
2541,Peristrophe japonica,1
2542,Persicaria hydropiper,1
2543,Persicaria maculosa,1
2544,Petrea volubilis,1
2545,Peucedanum franchetii,1
2546,Peucedanum japonicum,1
2547,Phaeanthus ophthalmicus,1
2548,Phanera vahlii,1
2549,Phellodendron chinense,1
2550,Philenoptera cyanescens,1
2551,Phlegmariurus dichotomus,1
2552,Phlegmariurus linifolius,1
2553,Phlegmariurus taxifolius,1
2554,Phlomis armeniaca,1
2555,Phlomis grandiflora,1
2556,Phlomoides bracteosa,1
2557,Phlomoides labiosa,1
2558,Phoebe bournei,1
2559,Phoenix dactylifera,1
2560,Phryma leptostachya,1
2561,Phyla dulcis,1
2562,Phyllanthus muellerianus,1
2563,Phyllanthus myrtifolius,1
2564,Phyllanthus orbicularis,1
2565,Phyllanthus phillyreifolius,1
2566,Phyllanthus urinaria,1
2567,Phyllonoma laticuspis,1
2568,Phyllostachys edulis,1
2569,Physalis pruinosa,1
2570,Physalis pubescens,1
2571,Physochlaina orientalis,1
2572,Physochlaina physaloides,1
2573,Phytolacca acinosa,1
2574,Picea abies,1
2575,Picea smithiana,1
2576,Piliostigma thonningii,1
2577,Pilocarpus microphyllus,1
2578,Pilosella officinarum,1
2579,Pinus roxburghii,1
2580,Piper auritum,1
2581,Piper callosum,1
2582,Piper crassinervium,1
2583,Piper kadsura,1
2584,Piper mollicomum,1
2585,Piper regnellii,1
2586,Piper retrofractum,1
2587,Piper wallichii,1
2588,Pittosporum tetraspermum,1
2589,Pittosporum tobira,1
2590,Pityrogramma calomelanos,1
2591,Plagiorhegma dubium,1
2592,Plantago albicans,1
2593,Plantago australis,1
2594,Plantago depressa,1
2595,Plantago indica,1
2596,Platonia insignis,1
2597,Platycerium angolense,1
2598,Plectranthus asirensis,1
2599,Plectranthus ornatus,1
2600,Plinia peruviana,1
2601,Pluchea odorata,1
2602,Plukenetia volubilis,1
2603,Plumbago europaea,1
2604,Poeciloneuron indicum,1
2605,Polemonium caeruleum,1
2606,Poliomintha longiflora,1
2607,Polygala fallax,1
2608,Polygala molluginifolia,1
2609,Polygala paniculata,1
2610,Polygala sibirica,1
2611,Polygonatum cirrhifolium,1
2612,Polygonatum cyrtonema,1
2613,Polygonatum punctatum,1
2614,Polypodium vulgare,1
2615,Pometia pinnata,1
2616,Populus deltoides,1
2617,Populus pruinosa,1
2618,Populus qiongdaoensis,1
2619,Potentilla anserina,1
2620,Potentilla chinensis,1
2621,Potentilla erecta,1
2622,Potentilla fragarioides,1
2623,Potentilla indica,1
2624,Potentilla parvifolia,1
2625,Pouteria ramiflora,1
2626,Premna flavescens,1
2627,Premna herbacea,1
2628,Premna serratifolia,1
2629,Primula denticulata,1
2630,Prinsepia uniflora,1
2631,Prismatomeris memecyloides,1
2632,Prosopis cineraria,1
2633,Protium javanicum,1
2634,Prunus humilis,1
2635,Prunus mira,1
2636,Prunus spinosa,1
2637,Prunus yedoensis,1
2638,Przewalskia tangutica,1
2639,Psammosilene tunicoides,1
2640,Pseuderanthemum palatiferum,1
2641,Pseudocodon convolvulaceus,1
2642,Pseudognaphalium hypoleucum,1
2643,Pseudopodospermum hispanicum,1
2644,Pseudowintera colorata,1
2645,Pseuduvaria macrophylla,1
2646,Psidium cattleyanum,1
2647,Psidium firmum,1
2648,Psidium myrsinites,1
2649,Psychotria asiatica,1
2650,Psychotria nervosa,1
2651,Psychotria succulenta,1
2652,Psydrax subcordata,1
2653,Ptaeroxylon obliquum,1
2654,Pterocarpus angolensis,1
2655,Pterocarpus erinaceus,1
2656,Pterocephalus frutescens,1
2657,Pterogyne nitens,1
2658,Pterolobium hexapetalum,1
2659,Pteroxygonum denticulatum,1
2660,Pulicaria incisa,1
2661,Pulicaria inuloides,1
2662,Pulmonaria officinalis,1
2663,Pulsatilla cernua var. koreana,1
2664,Pulsatilla chinensis,1
2665,Pupalia lappacea,1
2666,Putranjiva roxburghii,1
2667,Pyracantha coccinea,1
2668,Pyracantha crenulata,1
2669,Pyrostegia venusta,1
2670,Qualea parviflora,1
2671,Quercus brantii,1
2672,Quercus cerris,1
2673,Quercus floribunda,1
2674,Quercus incana,1
2675,Randia aculeata,1
2676,Ranunculus wallichianus,1
2677,Raphanus sativus,1
2678,Raphia vinifera,1
2679,Rauvolfia caffra,1
2680,Rauvolfia sellowii,1
2681,Rauvolfia verticillata,1
2682,Ravenala madagascariensis,1
2683,Reineckea carnea,1
2684,Reissantia grahamii,1
2685,Reynoutria japonica,1
2686,Rhamnella gilgitica,1
2687,Rhamnus davurica,1
2688,Rhamnus pentapomica,1
2689,Rhamnus persica,1
2690,Rhanterium suaveolens,1
2691,Rheum coreanum,1
2692,Rheum franzenbachii,1
2693,Rheum nanum,1
2694,Rheum officinale,1
2695,Rheum rhabarbarum,1
2696,Rheum spiciforme,1
2697,Rheum undulatum,1
2698,Rheum webbianum,1
2699,Rhodiola coccinea,1
2700,Rhodiola quadrifida,1
2701,Rhododendron anthopogon,1
2702,Rhododendron ferrugineum,1
2703,Rhododendron simsii,1
2704,Rhus pachyrrhachis,1
2705,Rhus trilobata,1
2706,Rhus virens,1
2707,Rogeria longiflora,1
2708,Romulea tempskyana,1
2709,Rorida droserifolia,1
2710,Rosa gallica,1
2711,Rotheca serrata,1
2712,Rothmannia talbotii,1
2713,Rourea induta,1
2714,Roylea cinerea,1
2715,Rubus apetalus,1
2716,Rubus chingii,1
2717,Rubus coreanus,1
2718,Rubus crataegifolius,1
2719,Rubus parvifolius,1
2720,Rubus plicatus,1
2721,Rubus rosifolius,1
2722,Rubus sachalinensis,1
2723,Rudbeckia fulgida,1
2724,Rumex crispus,1
2725,Rumex gmelinii,1
2726,Rumex hastatus,1
2727,Rumex lunaria,1
2728,Rumex pictus,1
2729,Rumex thianschanicus,1
2730,Ruscus aculeatus,1
2731,Ruta montana,1
2732,Rydingia integrifolia,1
2733,Rydingia persica,1
2734,Saccharum spontaneum,1
2735,Sageretia thea,1
2736,Salacca zalacca,1
2737,Salacia chinensis,1
2738,Salacia impressifolia,1
2739,Salacia oblonga,1
2740,Salacia reticulata,1
2741,Salicornia bigelovii,1
2742,Salicornia europaea,1
2743,Salix babylonica,1
2744,Salsola stocksii,1
2745,Salvia apiana,1
2746,Salvia bowleyana,1
2747,Salvia bulleyana,1
2748,Salvia castanea,1
2749,Salvia dentata,1
2750,Salvia hispanica,1
2751,Salvia lavandulifolia,1
2752,Salvia limbata,1
2753,Salvia macrosiphon,1
2754,Salvia mirzayanii,1
2755,Salvia plebeia,1
2756,Salvia rhytidea,1
2757,Salvia sharifii,1
2758,Salvia sinaloensis,1
2759,Salvia stenophylla,1
2760,Salvia tomentosa,1
2761,Salvia verbenaca,1
2762,Salvia verticillata,1
2763,Salvia virgata,1
2764,Salvia viridis,1
2765,Samanea saman,1
2766,Sambucus ebulus,1
2767,Sambucus javanica,1
2768,Sambucus williamsii,1
2769,Sanicula chinensis,1
2770,Sansevieria cylindrica,1
2771,Sansevieria roxburghiana,1
2772,Santalum album,1
2773,Santolina insularis,1
2774,Sapindus saponaria,1
2775,Sapium glandulosum,1
2776,Sarcocephalus latifolius,1
2777,Sarracenia purpurea,1
2778,Satureja avromanica,1
2779,Satureja cuneifolia,1
2780,Satureja macrantha,1
2781,Satureja thymbra,1
2782,Sauropus androgynus,1
2783,Saururus chinensis,1
2784,Saussurea elegans,1
2785,Saussurea pulchella,1
2786,Scabiosa atropurpurea,1
2787,Scabiosa tschiliensis,1
2788,Scadoxus multiflorus,1
2789,Scadoxus puniceus,1
2790,Scaevola spinescens,1
2791,Schenkia spicata,1
2792,Schima wallichii,1
2793,Schisandra grandiflora,1
2794,Schisandra propinqua,1
2795,Schisandra rubriflora,1
2796,Schisandra sphaerandra,1
2797,Schisandra sphenanthera,1
2798,Schizocarphus nervosus,1
2799,Schleichera oleosa,1
2800,Schnabelia tetrodonta,1
2801,Schoenocaulon officinale,1
2802,Schweinfurthia papilionacea,1
2803,Schwenckia americana,1
2804,Scilla mesopotamica,1
2805,Scolymus hispanicus,1
2806,Scorzonera radiata,1
2807,Scrophularia kakudensis,1
2808,Scrophularia megalantha,1
2809,Scrophularia nodosa,1
2810,Scrophularia subaphylla,1
2811,Scrophularia umbrosa,1
2812,Scurrula parasitica,1
2813,Scutellaria agrestis,1
2814,Scutellaria amoena,1
2815,Scutellaria discolor,1
2816,Scutellaria edelbergii,1
2817,Scutellaria incana,1
2818,Scutellaria lateriflora,1
2819,Scutellaria orientalis subsp. bornmuelleri,1
2820,Scutellaria prostrata,1
2821,Scutellaria scordifolia,1
2822,Scutellaria viscidula,1
2823,Searsia chirindensis,1
2824,Securidaca longipedunculata,1
2825,Securinega suffruticosa,1
2826,Sedum hispanicum,1
2827,Sedum oxypetalum,1
2828,Sedum rubens,1
2829,Selaginella involvens,1
2830,Selaginella pulvinata,1
2831,Selaginella uncinata,1
2832,Selinum vaginatum,1
2833,Semecarpus anacardium,1
2834,Sempervivum tectorum,1
2835,Senegalia ferruginea,1
2836,Senegalia nigrescens,1
2837,Senegalia polyacantha,1
2838,Senna bicapsularis,1
2839,Senna macranthera,1
2840,Senna occidentalis,1
2841,Senna septemtrionalis,1
2842,Senna siamea,1
2843,Senna singueana,1
2844,Senna sulfurea,1
2845,Serjania erecta,1
2846,Serjania marginata,1
2847,Serjania triquetra,1
2848,Sesbania bispinosa,1
2849,Sesuvium portulacastrum,1
2850,Setaria flavida,1
2851,Shorea robusta,1
2852,Shorea tumbuggaia,1
2853,Sida cordifolia,1
2854,Sida rhombifolia,1
2855,Sideritis leucantha,1
2856,Sigesbeckia orientalis,1
2857,Sinomenium acutum,1
2858,Sinosenecio oldhamianus,1
2859,Siparuna brasiliensis,1
2860,Siraitia grosvenorii,1
2861,Smilax corbularia,1
2862,Smilax glabra,1
2863,Smyrnium cordifolium,1
2864,Solanum capsicoides,1
2865,Solanum incanum,1
2866,Solanum mauritianum,1
2867,Solanum spirale,1
2868,Solanum tuberosum,1
2869,Solanum villosum,1
2870,Solenostemma argel,1
2871,Solidago chilensis,1
2872,Solidago gigantea,1
2873,Solidago microglossa,1
2874,Solidago virgaurea,1
2875,Solori eriocarpa,1
2876,Sonneratia apetala,1
2877,Sorbus aucuparia,1
2878,Sorbus aucuparia subsp. pohuashanensis,1
2879,Souroubea sympetala,1
2880,Sphaeralcea angustifolia,1
2881,Sphaeranthus indicus,1
2882,Sphallerocarpus gracilis,1
2883,Spigelia anthelmia,1
2884,Spinacia oleracea,1
2885,Spondias tuberosa,1
2886,Spondias venulosa,1
2887,Stachys byzantina,1
2888,Stachys cretica,1
2889,Stachys multicaulis,1
2890,Stachys palustris,1
2891,Stachys pilifera,1
2892,Stachys schtschegleevii,1
2893,Stachytarpheta cayennensis,1
2894,Stauntonia chinensis,1
2895,Stauntonia hexaphylla,1
2896,Stegnosperma halimifolium,1
2897,Stemona parviflora,1
2898,Stemona sessilifolia,1
2899,Stenochlaena palustris,1
2900,Stenocline inuloides,1
2901,Stephania dielsiana,1
2902,Stephania hainanensis,1
2903,Stephania japonica,1
2904,Stephania pierrei,1
2905,Stephania venosa,1
2906,Sterculia tragacantha,1
2907,Stereospermum colais,1
2908,Strobilanthes alternata,1
2909,Strychnos pseudoquina,1
2910,Styphnolobium japonicum,1
2911,Styrax tonkinensis,1
2912,Suaeda glauca,1
2913,Suaeda maritima,1
2914,Swertia bimaculata,1
2915,Swertia japonica,1
2916,Swertia multicaulis,1
2917,Swertia thomsonii,1
2918,Swietenia macrophylla,1
2919,Symplocos paniculata,1
2920,Synsepalum dulcificum,1
2921,Syringa oblata,1
2922,Syzygium austroyunnanense,1
2923,Syzygium nervosum,1
2924,Syzygium zeylanicum,1
2925,Tabebuia pallida,1
2926,Tabernaemontana alternifolia,1
2927,Tabernaemontana crassa,1
2928,Tabernaemontana ventricosa,1
2929,Tacca chantrieri,1
2930,Tadehagi triquetrum,1
2931,Tagetes lemmonii,1
2932,Talinum fruticosum,1
2933,Talinum paniculatum,1
2934,Tamarix dioica,1
2935,Tanacetum poteriifolium,1
2936,Taraxacum formosanum,1
2937,Tarenna asiatica,1
2938,Taxillus chinensis,1
2939,Taxillus sutchuenensis,1
2940,Taxus contorta,1
2941,Taxus cuspidata,1
2942,Taxus wallichiana var. yunnanensis,1
2943,Telfairia occidentalis,1
2944,Tephrosia bracteolata,1
2945,Tephrosia tinctoria,1
2946,Tephrosia villosa,1
2947,Terminalia engleri,1
2948,Tetracera macrophylla,1
2949,Tetraena alba,1
2950,Tetraglochin andina,1
2951,Tetrastigma planicaule,1
2952,Teucrium chamaedrys,1
2953,Teucrium divaricatum,1
2954,Teucrium montanum,1
2955,Teucrium scorodonia,1
2956,Thapsia thapsioides,1
2957,Thelesperma megapotamicum,1
2958,Theobroma cacao,1
2959,Thunbergia coccinea,1
2960,Thymbra capitata,1
2961,Thymelaea lythroides,1
2962,Thymus praecox,1
2963,Ticanto crista,1
2964,Tieghemella heckelii,1
2965,Tilia platyphyllos,1
2966,Timonius flavescens,1
2967,Tinospora capillipes,1
2968,Tinospora crispa,1
2969,Tirpitzia sinensis,1
2970,Tocoyena formosa,1
2971,Toona sureni,1
2972,Torenia fournieri,1
2973,Torreya nucifera,1
2974,Tournefortia hirsutissima,1
2975,Trachelospermum jasminoides,1
2976,Tradescantia spathacea,1
2977,Traganum nudatum,1
2978,Tragia involucrata,1
2979,Tragia plukenetii,1
2980,Tragopogon graminifolius,1
2981,Trapa natans,1
2982,Trianthema portulacastrum,1
2983,Trichilia adolfi,1
2984,Trichodesma indicum,1
2985,Trichosanthes kirilowii,1
2986,Trichosanthes tricuspidata,1
2987,Triclisia subcordata,1
2988,Trifolium medium,1
2989,Trifolium pratense,1
2990,Trigonella foenum-graecum,1
2991,Trigonostemon lii,1
2992,Trigonostemon reidioides,1
2993,Trilepisium madagascariense,1
2994,Trillium tschonoskii,1
2995,Tripleurospermum disciforme,1
2996,Tropaeolum pentaphyllum,1
2997,Turnera subulata,1
2998,Turnera ulmifolia,1
2999,Turraeanthus africanus,1
3000,Typha domingensis,1
3001,Typhonium flagelliforme,1
3002,Ugni molinae,1
3003,Ulmus macrocarpa,1
3004,Ulva rigida,1
3005,Uncaria gambir,1
3006,Uncaria guianensis,1
3007,Uncaria hirsuta,1
3008,Uraria picta,1
3009,Urera aurantiaca,1
3010,Urera baccifera,1
3011,Urophysa henryi,1
3012,Urtica circularis,1
3013,Urtica fissa,1
3014,Uvaria boniana,1
3015,Uvaria chamae,1
3016,Uvaria rufa,1
3017,Vaccinium emarginatum,1
3018,Vaccinium uliginosum,1
3019,Valeriana amurensis,1
3020,Valeriana procera,1
3021,Vatairea guianensis,1
3022,Vatica diospyroides,1
3023,Vepris heterophylla,1
3024,Vepris nobilis,1
3025,Veratrum grandiflorum,1
3026,Veratrum mengtzeanum,1
3027,Veratrum oxysepalum,1
3028,Veratrum patulum,1
3029,Verbena montevidensis,1
3030,Verbesina encelioides,1
3031,Veronica biloba,1
3032,Veronicastrum axillare,1
3033,Viburnum tinus,1
3034,Vicia amoena,1
3035,Vicia sativa,1
3036,Vickifunkia narynensis,1
3037,Vigna unguiculata subsp. cylindrica,1
3038,Vincetoxicum arnottianum,1
3039,Vincetoxicum forrestii,1
3040,Vincetoxicum lindleyi,1
3041,Viola patrinii,1
3042,Virola surinamensis,1
3043,Viscum articulatum,1
3044,Viscum coloratum,1
3045,Viscum cruciatum,1
3046,Vitex glabrata,1
3047,Vitis latifolia,1
3048,Voacanga globosa,1
3049,Volkameria eriophylla,1
3050,Volkameria glabra,1
3051,Walsura robusta,1
3052,Withania adpressa,1
3053,Withania aristata,1
3054,Wrightia arborea,1
3055,Wurfbainia compacta,1
3056,Wurfbainia neoaurantiaca,1
3057,Xanthium indicum,1
3058,Xanthium mongolicum,1
3059,Xanthopappus subacaulis,1
3060,Xenophyllum poposum,1
3061,Xenostegia tridentata,1
3062,Xeroderris stuhlmannii,1
3063,Xylia xylocarpa,1
3064,Xylopia staudtii,1
3065,Yucca schidigera,1
3066,Zamioculcas zamiifolia,1
3067,Zanthoxylum acanthopodium,1
3068,Zanthoxylum nitidum,1
3069,Zanthoxylum oxyphyllum,1
3070,Zanthoxylum piasezkii,1
3071,Zanthoxylum simulans,1
3072,Zanthoxylum stenophyllum,1
3073,Zanthoxylum zanthoxyloides,1
3074,Zelkova serrata,1
3075,Zeltnera beyrichii,1
3076,Zingiber barbatum,1
3077,Zingiber montanum,1
3078,Zingiber purpureum,1
3079,Zingiber sp. LR-2013,1
3080,Ziziphora clinopodioides subsp. bungeana,1
3081,Ziziphora persica,1
3082,Ziziphus lotus,1
3083,Ziziphus nummularia,1
3084,Ziziphus rugosa,1
3085,Zornia brasiliensis,1
3086,Zuccagnia punctata,1
3087,Zygophyllum potaninii,1